[
  {
    "value": "southern-american",
    "synonyms": [
      "southern-american",
      "South America",
      "South American",
      "south-american",
      "southern american"
    ]
  },
  {
    "value": "cambodian",
    "synonyms": [
      "cambodian",
      "cambodia"
    ]
  },
  {
    "value": "vietnamese",
    "synonyms": [
      "vietnamese",
      "vietnam"
    ]
  },
  {
    "value": "sri lankan",
    "synonyms": [
      "sri lankan",
      "sri lanka"
    ]
  },
  {
    "value": "japanese",
    "synonyms": [
      "japanese",
      "japan"
    ]
  },
  {
    "value": "indonesian",
    "synonyms": [
      "indonesian",
      "indonesia"
    ]
  },
  {
    "value": "tunisian",
    "synonyms": [
      "tunisian",
      "tunisia"
    ]
  },
  {
    "value": "spanish",
    "synonyms": [
      "spanish",
      "spain"
    ]
  },
  {
    "value": "persian",
    "synonyms": [
      "persian",
      "persia"
    ]
  },
  {
    "value": "polish",
    "synonyms": [
      "polish",
      "poland"
    ]
  },
  {
    "value": "ghanaian",
    "synonyms": [
      "ghanaian",
      "ghana"
    ]
  },
  {
    "value": "lebanese",
    "synonyms": [
      "lebanese",
      "lebanon"
    ]
  },
  {
    "value": "portuguese",
    "synonyms": [
      "portuguese",
      "portugal"
    ]
  },
  {
    "value": "mexican",
    "synonyms": [
      "mexican",
      "mexico"
    ]
  },
  {
    "value": "american",
    "synonyms": [
      "american",
      "america"
    ]
  },
  {
    "value": "jamaican",
    "synonyms": [
      "jamaican",
      "jamaica"
    ]
  },
  {
    "value": "cantonese",
    "synonyms": [
      "cantonese"
    ]
  },
  {
    "value": "german",
    "synonyms": [
      "german",
      "germany"
    ]
  },
  {
    "value": "scottish",
    "synonyms": [
      "scottish",
      "scotland"
    ]
  },
  {
    "value": "italian",
    "synonyms": [
      "italian",
      "italy"
    ]
  },
  {
    "value": "north african",
    "synonyms": [
      "north african",
      "North Africa",
      "northern africa",
      "north-african",
      "north-africa"
    ]
  },
  {
    "value": "turkish",
    "synonyms": [
      "turkish",
      "Turkey"
    ]
  },
  {
    "value": "asian",
    "synonyms": [
      "asian",
      "Asia"
    ]
  },
  {
    "value": "east-asian",
    "synonyms": [
      "east-asian",
      "East-Asia",
      "east asian",
      "east asia"
    ]
  },
  {
    "value": "russian",
    "synonyms": [
      "russian",
      "Russia"
    ]
  },
  {
    "value": "taiwanese",
    "synonyms": [
      "taiwanese",
      "Taiwan"
    ]
  },
  {
    "value": "swiss",
    "synonyms": [
      "swiss",
      "Switzerland"
    ]
  },
  {
    "value": "peruvian",
    "synonyms": [
      "peruvian",
      "Peru"
    ]
  },
  {
    "value": "fijian",
    "synonyms": [
      "fijian",
      "Fiji"
    ]
  },
  {
    "value": "seychelles",
    "synonyms": [
      "seychelles",
      "Seychelles"
    ]
  },
  {
    "value": "middle-eastern",
    "synonyms": [
      "middle-eastern",
      "Middle East",
      "middle eastern",
      "Middle-East"
    ]
  },
  {
    "value": "bengali",
    "synonyms": [
      "bengali",
      "Bengal"
    ]
  },
  {
    "value": "indian",
    "synonyms": [
      "indian",
      "India"
    ]
  },
  {
    "value": "pan-asian",
    "synonyms": [
      "pan-asian",
      "Pan Asia",
      "pan asian",
      "Pan-Asia"
    ]
  },
  {
    "value": "mediterranean",
    "synonyms": [
      "mediterranean"
    ]
  },
  {
    "value": "nigerian",
    "synonyms": [
      "nigerian",
      "Nigeria"
    ]
  },
  {
    "value": "greek",
    "synonyms": [
      "greek",
      "Greece"
    ]
  },
  {
    "value": "iranian",
    "synonyms": [
      "iranian",
      "Iran"
    ]
  },
  {
    "value": "malaysian",
    "synonyms": [
      "malaysian",
      "Malaysia"
    ]
  },
  {
    "value": "caribbean",
    "synonyms": [
      "caribbean"
    ]
  },
  {
    "value": "irish",
    "synonyms": [
      "irish",
      "Ireland"
    ]
  },
  {
    "value": "british-indian",
    "synonyms": [
      "british-indian",
      "british-india",
      "british indian",
      "british india"
    ]
  },
  {
    "value": "hawaiian",
    "synonyms": [
      "hawaiian",
      "Hawaii"
    ]
  },
  {
    "value": "west african",
    "synonyms": [
      "west african",
      "West Africa",
      "west-african",
      "West-Africa",
      "western africa"
    ]
  },
  {
    "value": "ukrainian",
    "synonyms": [
      "ukrainian",
      "Ukraine"
    ]
  },
  {
    "value": "korean",
    "synonyms": [
      "korean",
      "Korea"
    ]
  },
  {
    "value": "french",
    "synonyms": [
      "french",
      "France"
    ]
  },
  {
    "value": "thai",
    "synonyms": [
      "thai",
      "Thailand"
    ]
  },
  {
    "value": "scandinavian",
    "synonyms": [
      "scandinavian",
      "Scandinavia"
    ]
  },
  {
    "value": "english",
    "synonyms": [
      "english",
      "England"
    ]
  },
  {
    "value": "swedish",
    "synonyms": [
      "swedish",
      "Sweden"
    ]
  },
  {
    "value": "british",
    "synonyms": [
      "british",
      "Great-Brittain",
      "great brittain"
    ]
  },
  {
    "value": "unspecified",
    "synonyms": [
      "unspecified"
    ]
  },
  {
    "value": "chinese",
    "synonyms": [
      "chinese",
      "China"
    ]
  },
  {
    "value": "italian-american",
    "synonyms": [
      "italian-american",
      "italian american"
    ]
  },
  {
    "value": "african",
    "synonyms": [
      "african",
      "africa"
    ]
  }
]