[
  {
    "value": "vegetarian",
    "synonyms": [
      "vegetarian",
      "veggie",
      "vegetarians",
      "Vegetarian"
    ]
  },
  {
    "value": "vegan",
    "synonyms": [
      "vegan",
      "plant-based",
      "vegans",
      "Vegan"
    ]
  },
  {
    "value": "lactose-free",
    "synonyms": [
      "lactose-free",
      "lactose free",
      "dairy free",
      "free of lactose",
      "free of dairy",
      "non dairy",
      "lactose intolerant",
      "lactose-intolerant",
      "lactose intolerance"
    ]
  },
  {
    "value": "pescatarian",
    "synonyms": [
      "pescatarian",
      "pescatarians",
      "pescetarian",
      "pescetarians"
    ]
  }
]