[
  {
    "value": "fast",
    "synonyms": [
      "fast",
      "short",
      "short in time",
      "short cooking time",
      "short prep time",
      "short time",
      "short duration",
      "short meal prep",
      "short cooking times",
      "short prep",
      "shortest",
      "quick",
      "quickly",
      "quick-to-cook",
      "quick-to-make",
      "quick-prep",
      "rapid",
      "rapid prep",
      "time-saving",
      "minimal cooking time",
      "minimal prep",
      "fast-prep",
      "speedy",
      "quicker",
      "quickest",
      "super quick",
      "ready fast",
      "no-time-to-waste",
      "done in minutes",
      "rush",
      "no-wait",
      "hurry",
      "faster",
      "fastest"
    ]
  },
  {
    "value": "under 30 minutes",
    "synonyms": [
      "under 30 minutes",
      "30 minute",
      "30 minutes"
    ]
  },
  {
    "value": "15 minutes or less",
    "synonyms": [
      "15 minutes or less",
      "15 minutes",
      "10 minutes or less",
      "10 minutes"
    ]
  },
  {
    "value": "1 hour or less",
    "synonyms": [
      "1 hour",
      "an hour",
      "60 minutes",
      "less than 1 hour"
    ]
  }
]