[
  {
    "value": "cuisine",
    "synonyms": [
      "cuisine",
      "origin",
      "country",
      "continent"
    ]
  },
  {
    "value": "steps",
    "synonyms": [
      "steps",
      "step",
      "amount of steps",
      "number of steps"
    ]
  },
  {
    "value": "ingredientnumber",
    "synonyms": [
      "amount of ingredients",
      "number of ingredients",
      "number",
      "ingredient amount"
    ]
  },
  {
    "value": "ingredient",
    "synonyms": [
      "ingredient",
      "ingredients"
    ]
  },
  {
    "value": "ingredienttype",
    "synonyms": [
      "ingredient type",
      "type of ingredient",
      "types of ingredients",
      "ingredients type",
      "ingredient types",
      "type of ingredients",
      "ingredienttype"
    ]
  },
  {
    "value": "easykeyword",
    "synonyms": [
      "easyness",
      "easy",
      "difficulty",
      "easykeyword"
    ]
  },
  {
    "value": "mealtype",
    "synonyms": [
      "meal type",
      "type of meal",
      "mealtype"
    ]
  },
  {
    "value": "dietaryrestriction",
    "synonyms": [
      "dietary restriction",
      "diet",
      "dietary",
      "dietaryrestriction",
      "vegan",
      "vegetarian",
      "lactose-free"
    ]
  },
  {
    "value": "servings",
    "synonyms": [
      "number",
      "servings",
      "number of servings",
      "quantity",
      "integer"
    ]
  },
  {
    "value": "tag",
    "synonyms": [
      "tag"
    ]
  },
  {
    "value": "shorttimekeyword",
    "synonyms": [
      "shorttimekeyword",
      "fast",
      "quick"
    ]
  },
  {
    "value": "duration",
    "synonyms": [
      "duration",
      "preperation time",
      "time",
      "cooking time"
    ]
  }
]