[
  {
    "value": "pork",
    "synonyms": [
      "pork"
    ]
  },
  {
    "value": "beef",
    "synonyms": [
      "beef"
    ]
  },
  {
    "value": "lamb",
    "synonyms": [
      "lamb"
    ]
  },
  {
    "value": "turkey",
    "synonyms": [
      "turkey"
    ]
  },
  {
    "value": "duck",
    "synonyms": [
      "duck"
    ]
  },
  {
    "value": "poultry",
    "synonyms": [
      "poultry"
    ]
  },
  {
    "value": "meat",
    "synonyms": [
      "meat"
    ]
  },
  {
    "value": "salmon",
    "synonyms": [
      "salmon"
    ]
  },
  {
    "value": "fish",
    "synonyms": [
      "fish"
    ]
  },
  {
    "value": "nonVegetarian",
    "synonyms": [
      "nonVegetarian",
      "non vegetarian",
      "not vegetarian"
    ]
  },
  {
    "value": "egg",
    "synonyms": [
      "egg",
      "eggs"
    ]
  },
  {
    "value": "cheese",
    "synonyms": [
      "cheese"
    ]
  },
  {
    "value": "dairy",
    "synonyms": [
      "dairy"
    ]
  },
  {
    "value": "nonVegan",
    "synonyms": [
      "nonVegan",
      "non vegan",
      "not vegan"
    ]
  },
  {
    "value": "pasta",
    "synonyms": [
      "pasta"
    ]
  },
  {
    "value": "chicken",
    "synonyms": [
      "chicken"
    ]
  }
]