[
  {
    "value": "lunch",
    "synonyms": [
      "lunch"
    ]
  },
  {
    "value": "breakfast",
    "synonyms": [
      "breakfast"
    ]
  },
  {
    "value": "brunch",
    "synonyms": [
      "brunch"
    ]
  },
  {
    "value": "side",
    "synonyms": [
      "side",
      "side dish",
      "sides",
      "side dishes"
    ]
  },
  {
    "value": "healthy",
    "synonyms": [
      "healthy"
    ]
  },
  {
    "value": "meal-prep",
    "synonyms": [
      "meal-prep"
    ]
  },
  {
    "value": "dessert",
    "synonyms": [
      "dessert",
      "desserts",
      "desert",
      "deserts"
    ]
  },
  {
    "value": "barbecue",
    "synonyms": [
      "barbecue",
      "bbq"
    ]
  },
  {
    "value": "dinner",
    "synonyms": [
      "dinner"
    ]
  },
  {
    "value": "snack",
    "synonyms": [
      "snack",
      "snacks"
    ]
  }
]