[
  {
    "value": "fast",
    "synonyms": [
      "fast"
    ]
  },
  {
    "value": "short in time",
    "synonyms": [
      "short in time"
    ]
  },
  {
    "value": "quick",
    "synonyms": [
      "quick",
      "not too long",
      "not take too long"
    ]
  },
  {
    "value": "not take much time",
    "synonyms": [
      "not take much time",
      "not take too much time"
    ]
  },
  {
    "value": "under 30 minutes",
    "synonyms": [
      "under 30 minutes",
      "less than 30 minutes"
    ]
  }
]