[
  {
    "value": "curry",
    "synonyms": [
      "curry"
    ]
  },
  {
    "value": "carbonara",
    "synonyms": [
      "carbonara"
    ]
  },
  {
    "value": "ratatouille",
    "synonyms": [
      "ratatouille"
    ]
  },
  {
    "value": "cheeseburger",
    "synonyms": [
      "cheeseburger",
      "cheeseburgers"
    ]
  },
  {
    "value": "stew",
    "synonyms": [
      "stew"
    ]
  },
  {
    "value": "wrap",
    "synonyms": [
      "wrap",
      "wraps"
    ]
  },
  {
    "value": "bowl",
    "synonyms": [
      "bowl",
      "bowls"
    ]
  },
  {
    "value": "sandwich",
    "synonyms": [
      "sandwich",
      "sandwiches"
    ]
  },
  {
    "value": "taco",
    "synonyms": [
      "taco",
      "tacos",
      "taco\u0027s"
    ]
  },
  {
    "value": "traybake",
    "synonyms": [
      "traybake",
      "traybakes"
    ]
  },
  {
    "value": "pizza",
    "synonyms": [
      "pizza",
      "pizzas",
      "pizza\u0027s"
    ]
  },
  {
    "value": "bread",
    "synonyms": [
      "bread"
    ]
  },
  {
    "value": "dumplings",
    "synonyms": [
      "dumplings",
      "dumpling"
    ]
  },
  {
    "value": "burger",
    "synonyms": [
      "burger",
      "burgers"
    ]
  },
  {
    "value": "soup",
    "synonyms": [
      "soup"
    ]
  },
  {
    "value": "ramen",
    "synonyms": [
      "ramen"
    ]
  },
  {
    "value": "frittata",
    "synonyms": [
      "frittata"
    ]
  },
  {
    "value": "kebab",
    "synonyms": [
      "kebab",
      "kebabs"
    ]
  },
  {
    "value": "pie",
    "synonyms": [
      "pie",
      "pies"
    ]
  },
  {
    "value": "fries",
    "synonyms": [
      "fries"
    ]
  },
  {
    "value": "lasagne",
    "synonyms": [
      "lasagne"
    ]
  },
  {
    "value": "pancakes",
    "synonyms": [
      "pancakes",
      "pancake"
    ]
  },
  {
    "value": "noodles",
    "synonyms": [
      "noodles",
      "noodle"
    ]
  },
  {
    "value": "salad",
    "synonyms": [
      "salad",
      "salads"
    ]
  },
  {
    "value": "tart",
    "synonyms": [
      "tart",
      "tarts"
    ]
  },
  {
    "value": "quesadillas",
    "synonyms": [
      "quesadillas",
      "quasadilla"
    ]
  }
]