[
  {
    "id": "df97e41a-c7a7-49d4-89ee-ebe9d733c1e9",
    "data": [
      {
        "text": "Please delete not ",
        "userDefined": false
      },
      {
        "text": "pescetarian",
        "meta": "@dietaryRestriction",
        "alias": "dietaryRestrictionDel",
        "userDefined": false
      }
    ],
    "isTemplate": false,
    "count": 0,
    "lang": "en",
    "updated": 0
  },
  {
    "id": "779dffe3-7af2-484d-ad6e-c19adc3f068b",
    "data": [
      {
        "text": "Can you remove the ",
        "userDefined": false
      },
      {
        "text": "onion",
        "meta": "@ingredient",
        "alias": "ingredientDel",
        "userDefined": false
      },
      {
        "text": " constraint?",
        "userDefined": false
      }
    ],
    "isTemplate": false,
    "count": 0,
    "lang": "en",
    "updated": 0
  },
  {
    "id": "55a67d69-e2b0-4651-a86c-630398fba5d8",
    "data": [
      {
        "text": "Could you remove the ",
        "userDefined": false
      },
      {
        "text": "vegan",
        "meta": "@dietaryRestriction",
        "alias": "dietaryRestrictionDel",
        "userDefined": false
      },
      {
        "text": " filter?",
        "userDefined": false
      }
    ],
    "isTemplate": false,
    "count": 0,
    "lang": "en",
    "updated": 0
  },
  {
    "id": "df32ccab-8608-4260-a810-e0fa41918bb3",
    "data": [
      {
        "text": "Delete the ",
        "userDefined": false
      },
      {
        "text": "vegetarian",
        "meta": "@dietaryRestriction",
        "alias": "dietaryRestrictionDel",
        "userDefined": false
      },
      {
        "text": " option",
        "userDefined": false
      }
    ],
    "isTemplate": false,
    "count": 0,
    "lang": "en",
    "updated": 0
  },
  {
    "id": "1aa55dce-2807-4e51-882e-c68c6bf0f196",
    "data": [
      {
        "text": "Please don\u0027t apply the ",
        "userDefined": false
      },
      {
        "text": "lactose-free",
        "meta": "@dietaryRestriction",
        "alias": "dietaryRestrictionDel",
        "userDefined": false
      },
      {
        "text": " options",
        "userDefined": false
      }
    ],
    "isTemplate": false,
    "count": 0,
    "lang": "en",
    "updated": 0
  },
  {
    "id": "37fa5c2f-5789-43eb-852c-fadf645664bc",
    "data": [
      {
        "text": "Forget about the ",
        "userDefined": false
      },
      {
        "text": "Swedish",
        "meta": "@cuisine",
        "alias": "cuisineDel",
        "userDefined": false
      },
      {
        "text": " recipes",
        "userDefined": false
      }
    ],
    "isTemplate": false,
    "count": 0,
    "lang": "en",
    "updated": 0
  },
  {
    "id": "66dd3082-7ee2-4c7f-9af3-49afdcce9103",
    "data": [
      {
        "text": "Delete ",
        "userDefined": false
      },
      {
        "text": "French",
        "meta": "@cuisine",
        "alias": "cuisineDel",
        "userDefined": false
      },
      {
        "text": " cuisine please",
        "userDefined": false
      }
    ],
    "isTemplate": false,
    "count": 0,
    "lang": "en",
    "updated": 0
  },
  {
    "id": "a5b4ce85-5b23-4133-88c7-4e1118cdd34a",
    "data": [
      {
        "text": "Could you delete the ",
        "userDefined": false
      },
      {
        "text": "Fijian",
        "meta": "@cuisine",
        "alias": "cuisineDel",
        "userDefined": false
      },
      {
        "text": " cuisine?",
        "userDefined": false
      }
    ],
    "isTemplate": false,
    "count": 0,
    "lang": "en",
    "updated": 0
  },
  {
    "id": "4a887259-6d36-4cb1-89be-13fa6d66c7fd",
    "data": [
      {
        "text": "Can you delete ",
        "userDefined": false
      },
      {
        "text": "Indian",
        "meta": "@cuisine",
        "alias": "cuisineDel",
        "userDefined": false
      },
      {
        "text": " cuisine?",
        "userDefined": false
      }
    ],
    "isTemplate": false,
    "count": 0,
    "lang": "en",
    "updated": 0
  },
  {
    "id": "327cc6b0-4180-4603-bc69-11f5eae25074",
    "data": [
      {
        "text": "Forget about the ",
        "userDefined": false
      },
      {
        "text": "risotto",
        "meta": "@ingredient",
        "alias": "ingredientDel",
        "userDefined": true
      }
    ],
    "isTemplate": false,
    "count": 0,
    "lang": "en",
    "updated": 0
  },
  {
    "id": "4c87b4ef-24c1-4883-8182-a66fdc48141c",
    "data": [
      {
        "text": "Nevermind about the ",
        "userDefined": false
      },
      {
        "text": "potatoes",
        "meta": "@ingredient",
        "alias": "ingredientDel",
        "userDefined": false
      }
    ],
    "isTemplate": false,
    "count": 0,
    "lang": "en",
    "updated": 0
  },
  {
    "id": "d47c3915-09e9-4f1e-a8c7-c8355c296421",
    "data": [
      {
        "text": "Do not apply the ",
        "userDefined": false
      },
      {
        "text": "lactose-free",
        "meta": "@dietaryRestriction",
        "alias": "dietaryRestrictionDel",
        "userDefined": true
      },
      {
        "text": " filter",
        "userDefined": false
      }
    ],
    "isTemplate": false,
    "count": 0,
    "lang": "en",
    "updated": 0
  },
  {
    "id": "69169db2-e4bf-4d17-8208-11585e81704b",
    "data": [
      {
        "text": "Don\u0027t apply the ",
        "userDefined": false
      },
      {
        "text": "pescatarian",
        "meta": "@dietaryRestriction",
        "alias": "dietaryRestrictionDel",
        "userDefined": true
      },
      {
        "text": " options",
        "userDefined": false
      }
    ],
    "isTemplate": false,
    "count": 0,
    "lang": "en",
    "updated": 0
  },
  {
    "id": "7ffd819c-b616-4867-96f9-92abac7e7ae6",
    "data": [
      {
        "text": "Please drop the ",
        "userDefined": false
      },
      {
        "text": "simple",
        "meta": "@easyKeyWord",
        "alias": "easyKeyWordDel",
        "userDefined": true
      },
      {
        "text": " options",
        "userDefined": false
      }
    ],
    "isTemplate": false,
    "count": 0,
    "lang": "en",
    "updated": 0
  },
  {
    "id": "1069a181-29a6-4702-9a34-da405eea798b",
    "data": [
      {
        "text": "Please drop ",
        "userDefined": false
      },
      {
        "text": "lactose-free",
        "meta": "@dietaryRestriction",
        "alias": "dietaryRestrictionDel",
        "userDefined": true
      }
    ],
    "isTemplate": false,
    "count": 0,
    "lang": "en",
    "updated": 0
  },
  {
    "id": "8685c204-97fe-43ba-a997-dcc5e213f33a",
    "data": [
      {
        "text": "Please drop the ",
        "userDefined": false
      },
      {
        "text": "meal-prep",
        "meta": "@mealType",
        "alias": "mealTypeDel",
        "userDefined": true
      }
    ],
    "isTemplate": false,
    "count": 0,
    "lang": "en",
    "updated": 0
  },
  {
    "id": "c7655fc8-903d-45cc-8b8f-8878b6d0aa26",
    "data": [
      {
        "text": "Drop the ",
        "userDefined": false
      },
      {
        "text": "onions",
        "meta": "@ingredient",
        "alias": "ingredientDel",
        "userDefined": false
      },
      {
        "text": " filter",
        "userDefined": false
      }
    ],
    "isTemplate": false,
    "count": 0,
    "lang": "en",
    "updated": 0
  },
  {
    "id": "820ba8e2-5b99-4ba5-bc6f-b1f66c08ebe5",
    "data": [
      {
        "text": "Forget the ",
        "userDefined": false
      },
      {
        "text": "meal-prep",
        "meta": "@mealType",
        "alias": "mealTypeDel",
        "userDefined": true
      }
    ],
    "isTemplate": false,
    "count": 0,
    "lang": "en",
    "updated": 0
  },
  {
    "id": "c3a70363-1b62-40a6-9e29-78ce19373169",
    "data": [
      {
        "text": "Forget about the ",
        "userDefined": false
      },
      {
        "text": "snacks",
        "meta": "@mealType",
        "alias": "mealTypeDel",
        "userDefined": true
      }
    ],
    "isTemplate": false,
    "count": 0,
    "lang": "en",
    "updated": 0
  },
  {
    "id": "d32413f6-e9ed-4f43-bd41-aba52ab7de94",
    "data": [
      {
        "text": "Forget about the ",
        "userDefined": false
      },
      {
        "text": "asian",
        "meta": "@cuisine",
        "alias": "cuisineDel",
        "userDefined": false
      },
      {
        "text": " dishes",
        "userDefined": false
      }
    ],
    "isTemplate": false,
    "count": 0,
    "lang": "en",
    "updated": 0
  },
  {
    "id": "86ab94ef-b307-4e7c-b145-9c5567872f95",
    "data": [
      {
        "text": "Please remove the ",
        "userDefined": false
      },
      {
        "text": "Indian",
        "meta": "@cuisine",
        "alias": "cuisineDel",
        "userDefined": false
      },
      {
        "text": " filter",
        "userDefined": false
      }
    ],
    "isTemplate": false,
    "count": 0,
    "lang": "en",
    "updated": 0
  },
  {
    "id": "53c478da-8499-423b-914e-df3760fbc879",
    "data": [
      {
        "text": "Could you undo ",
        "userDefined": false
      },
      {
        "text": "lactose-free",
        "meta": "@dietaryRestriction",
        "alias": "dietaryRestrictionDel",
        "userDefined": true
      },
      {
        "text": " filter",
        "userDefined": false
      }
    ],
    "isTemplate": false,
    "count": 0,
    "lang": "en",
    "updated": 0
  },
  {
    "id": "8b2f012b-6839-4fbe-abe7-81e97ad3fec4",
    "data": [
      {
        "text": "Delete the ",
        "userDefined": false
      },
      {
        "text": "vegan",
        "meta": "@dietaryRestriction",
        "alias": "dietaryRestrictionDel",
        "userDefined": true
      },
      {
        "text": " options",
        "userDefined": false
      }
    ],
    "isTemplate": false,
    "count": 0,
    "lang": "en",
    "updated": 0
  },
  {
    "id": "68c55700-38cc-40d8-b5ee-25b5ed6b1a71",
    "data": [
      {
        "text": "Undo the ",
        "userDefined": false
      },
      {
        "text": "tomato",
        "meta": "@ingredient",
        "alias": "ingredientDel",
        "userDefined": false
      },
      {
        "text": " options",
        "userDefined": false
      }
    ],
    "isTemplate": false,
    "count": 0,
    "lang": "en",
    "updated": 0
  },
  {
    "id": "efbec145-c89c-4d2e-9c37-07647cea5beb",
    "data": [
      {
        "text": "Please undo the ",
        "userDefined": false
      },
      {
        "text": "vegan",
        "meta": "@dietaryRestriction",
        "alias": "dietaryRestrictionDel",
        "userDefined": true
      },
      {
        "text": " filter",
        "userDefined": false
      }
    ],
    "isTemplate": false,
    "count": 0,
    "lang": "en",
    "updated": 0
  },
  {
    "id": "a6c7f786-2608-4d44-8ad6-c7ac0c0c5559",
    "data": [
      {
        "text": "Please undo the ",
        "userDefined": false
      },
      {
        "text": "tagliatelle",
        "meta": "@ingredient",
        "alias": "ingredientDel",
        "userDefined": false
      },
      {
        "text": " options",
        "userDefined": false
      }
    ],
    "isTemplate": false,
    "count": 0,
    "lang": "en",
    "updated": 0
  },
  {
    "id": "97244e7a-d44e-462f-8219-997dc03c5702",
    "data": [
      {
        "text": "Undo the ",
        "userDefined": false
      },
      {
        "text": "meal-prep",
        "meta": "@mealType",
        "alias": "mealTypeDel",
        "userDefined": true
      },
      {
        "text": " filter",
        "userDefined": false
      }
    ],
    "isTemplate": false,
    "count": 0,
    "lang": "en",
    "updated": 0
  },
  {
    "id": "dac54b46-cb46-41ea-b26b-66a211e9a05b",
    "data": [
      {
        "text": "Can you drop the ",
        "userDefined": false
      },
      {
        "text": "Swiss",
        "meta": "@cuisine",
        "alias": "cuisineDel",
        "userDefined": false
      },
      {
        "text": " filter?",
        "userDefined": false
      }
    ],
    "isTemplate": false,
    "count": 1,
    "lang": "en",
    "updated": 0
  },
  {
    "id": "7a27134b-878e-44a1-b02b-791a21d6487c",
    "data": [
      {
        "text": "You can drop the ",
        "userDefined": false
      },
      {
        "text": "dessert",
        "meta": "@mealType",
        "alias": "mealTypeDel",
        "userDefined": true
      },
      {
        "text": " filter",
        "userDefined": false
      }
    ],
    "isTemplate": false,
    "count": 0,
    "lang": "en",
    "updated": 0
  },
  {
    "id": "4c1e9120-6e8c-4391-ad58-b44b6f09a862",
    "data": [
      {
        "text": "You can drop the ",
        "userDefined": false
      },
      {
        "text": "breakfast",
        "meta": "@mealType",
        "alias": "mealTypeDel",
        "userDefined": true
      },
      {
        "text": " filter then",
        "userDefined": false
      }
    ],
    "isTemplate": false,
    "count": 0,
    "lang": "en",
    "updated": 0
  },
  {
    "id": "138a450b-4082-4799-985e-b501a59be8ce",
    "data": [
      {
        "text": "Undo the ",
        "userDefined": false
      },
      {
        "text": "healthy",
        "meta": "@mealType",
        "alias": "mealTypeDel",
        "userDefined": true
      },
      {
        "text": " filter",
        "userDefined": false
      }
    ],
    "isTemplate": false,
    "count": 0,
    "lang": "en",
    "updated": 0
  },
  {
    "id": "8caf32e9-7dc1-4085-929b-7252863224bf",
    "data": [
      {
        "text": "Undo the ",
        "userDefined": false
      },
      {
        "text": "potato",
        "meta": "@ingredient",
        "alias": "ingredientDel",
        "userDefined": false
      },
      {
        "text": " options",
        "userDefined": false
      }
    ],
    "isTemplate": false,
    "count": 0,
    "lang": "en",
    "updated": 0
  },
  {
    "id": "219df95e-9829-4435-9a86-810fc4f92445",
    "data": [
      {
        "text": "Forget about the ",
        "userDefined": false
      },
      {
        "text": "Indian",
        "meta": "@cuisine",
        "alias": "cuisineDel",
        "userDefined": false
      },
      {
        "text": " options",
        "userDefined": false
      }
    ],
    "isTemplate": false,
    "count": 0,
    "lang": "en",
    "updated": 0
  },
  {
    "id": "e15fbc9e-d287-4be1-9b43-96172450831c",
    "data": [
      {
        "text": "Nevermind about the ",
        "userDefined": false
      },
      {
        "text": "tofu",
        "meta": "@ingredient",
        "alias": "ingredientDel",
        "userDefined": false
      },
      {
        "text": " then",
        "userDefined": false
      }
    ],
    "isTemplate": false,
    "count": 0,
    "lang": "en",
    "updated": 0
  },
  {
    "id": "71faa26c-2625-4613-a607-ab9f80f71936",
    "data": [
      {
        "text": "Can you delete ",
        "userDefined": false
      },
      {
        "text": "Italian",
        "meta": "@cuisine",
        "alias": "cuisineDel",
        "userDefined": false
      },
      {
        "text": "?",
        "userDefined": false
      }
    ],
    "isTemplate": false,
    "count": 0,
    "lang": "en",
    "updated": 0
  },
  {
    "id": "bf8ac916-c318-4736-adc5-2861b39a46ce",
    "data": [
      {
        "text": "Remove ",
        "userDefined": false
      },
      {
        "text": "spring onions",
        "meta": "@ingredient",
        "alias": "ingredientDel",
        "userDefined": false
      },
      {
        "text": " from the list",
        "userDefined": false
      }
    ],
    "isTemplate": false,
    "count": 0,
    "lang": "en",
    "updated": 0
  },
  {
    "id": "a3df8b2b-13f1-4b5b-bc6f-c22fc87d22ee",
    "data": [
      {
        "text": "Please delete ",
        "userDefined": false
      },
      {
        "text": "ginger",
        "meta": "@ingredient",
        "alias": "ingredientDel",
        "userDefined": false
      },
      {
        "text": " from the list",
        "userDefined": false
      }
    ],
    "isTemplate": false,
    "count": 0,
    "lang": "en",
    "updated": 0
  },
  {
    "id": "ad3edc72-d1a1-431d-94cc-9dc6577b54e9",
    "data": [
      {
        "text": "Could you remove the ",
        "userDefined": false
      },
      {
        "text": "simple",
        "meta": "@easyKeyWord",
        "alias": "easyKeyWordDel",
        "userDefined": true
      },
      {
        "text": " filter from the list?",
        "userDefined": false
      }
    ],
    "isTemplate": false,
    "count": 0,
    "lang": "en",
    "updated": 0
  },
  {
    "id": "96b6adfb-bd7f-4fce-ba25-42999eedb56a",
    "data": [
      {
        "text": "Remove the ",
        "userDefined": false
      },
      {
        "text": "Chinese",
        "meta": "@cuisine",
        "alias": "cuisineDel",
        "userDefined": false
      },
      {
        "text": " filter",
        "userDefined": false
      }
    ],
    "isTemplate": false,
    "count": 0,
    "lang": "en",
    "updated": 0
  },
  {
    "id": "6e2a9de3-8f90-4ecb-bf34-0b62066b83fe",
    "data": [
      {
        "text": "I don\u0027t want a ",
        "userDefined": false
      },
      {
        "text": "vegetarian",
        "meta": "@dietaryRestriction",
        "alias": "dietaryRestrictionDel",
        "userDefined": false
      },
      {
        "text": " dish anymore",
        "userDefined": false
      }
    ],
    "isTemplate": false,
    "count": 0,
    "lang": "en",
    "updated": 0
  },
  {
    "id": "2e5f4aa1-2fa2-4ef2-bb4b-6e60881eebcd",
    "data": [
      {
        "text": "remove ",
        "userDefined": false
      },
      {
        "text": "garlic",
        "meta": "@ingredient",
        "alias": "ingredientDel",
        "userDefined": false
      },
      {
        "text": " and ",
        "userDefined": false
      },
      {
        "text": "onion",
        "meta": "@ingredient",
        "alias": "ingredientDel",
        "userDefined": false
      }
    ],
    "isTemplate": false,
    "count": 0,
    "lang": "en",
    "updated": 0
  },
  {
    "id": "e25941c8-ebd9-444c-a995-c803eab04bf5",
    "data": [
      {
        "text": "the ",
        "userDefined": false
      },
      {
        "text": "milk",
        "meta": "@ingredient",
        "alias": "ingredientDel",
        "userDefined": true
      },
      {
        "text": " filter",
        "userDefined": false
      }
    ],
    "isTemplate": false,
    "count": 0,
    "lang": "en",
    "updated": 0
  },
  {
    "id": "34d3446e-5808-45ac-b82d-0bf1bb940168",
    "data": [
      {
        "text": "without ",
        "userDefined": false
      },
      {
        "text": "toast",
        "meta": "@ingredient",
        "alias": "ingredientDel",
        "userDefined": true
      }
    ],
    "isTemplate": false,
    "count": 0,
    "lang": "en",
    "updated": 0
  },
  {
    "id": "2b210f91-ed2d-491f-92ea-45f73c228470",
    "data": [
      {
        "text": "take out ",
        "userDefined": false
      },
      {
        "text": "chickpeas",
        "meta": "@ingredient",
        "alias": "ingredientDel",
        "userDefined": true
      }
    ],
    "isTemplate": false,
    "count": 3,
    "lang": "en",
    "updated": 0
  },
  {
    "id": "f8e6ed33-2491-4fb5-b516-a5221a425754",
    "data": [
      {
        "text": "no I don\u0027t want to ",
        "userDefined": false
      },
      {
        "text": "breakfast",
        "meta": "@mealType",
        "alias": "mealTypeDel",
        "userDefined": true
      },
      {
        "text": " I want to putting",
        "userDefined": false
      }
    ],
    "isTemplate": false,
    "count": 2,
    "lang": "en",
    "updated": 0
  },
  {
    "id": "43744b8f-67dc-4686-9b05-ec7bd9c1235a",
    "data": [
      {
        "text": "I do not want to ",
        "userDefined": false
      },
      {
        "text": "breakfast",
        "meta": "@mealType",
        "alias": "mealTypeDel",
        "userDefined": true
      },
      {
        "text": " recipe",
        "userDefined": false
      }
    ],
    "isTemplate": false,
    "count": 2,
    "lang": "en",
    "updated": 0
  },
  {
    "id": "d2b74115-723b-45f9-9dba-932b1ad574bd",
    "data": [
      {
        "text": "remove ",
        "userDefined": false
      },
      {
        "text": "eggs",
        "meta": "@ingredient",
        "alias": "ingredientDel",
        "userDefined": false
      }
    ],
    "isTemplate": false,
    "count": 0,
    "lang": "en",
    "updated": 0
  },
  {
    "id": "13b13a32-3682-4d07-a6f3-ec2709a5f35c",
    "data": [
      {
        "text": "a step you remove with ",
        "userDefined": false
      },
      {
        "text": "salad",
        "meta": "@ingredient",
        "alias": "ingredientDel",
        "userDefined": true
      }
    ],
    "isTemplate": false,
    "count": 0,
    "lang": "en",
    "updated": 0
  },
  {
    "id": "d863ab12-3bc0-4c6a-9c47-e7c167ed6a52",
    "data": [
      {
        "text": "remove ",
        "userDefined": false
      },
      {
        "text": "vodka",
        "meta": "@ingredient",
        "alias": "ingredientDel",
        "userDefined": true
      }
    ],
    "isTemplate": false,
    "count": 0,
    "lang": "en",
    "updated": 0
  },
  {
    "id": "6101c400-742d-4f8f-8808-ee67f7c92cb0",
    "data": [
      {
        "text": "don\u0027t add by ",
        "userDefined": false
      },
      {
        "text": "Asian",
        "meta": "@cuisine",
        "alias": "cuisineDel",
        "userDefined": true
      },
      {
        "text": " food",
        "userDefined": false
      }
    ],
    "isTemplate": false,
    "count": 0,
    "lang": "en",
    "updated": 0
  },
  {
    "id": "c3232bc8-6377-4259-bdf6-c8c7b905d2b3",
    "data": [
      {
        "text": "please remove with ",
        "userDefined": false
      },
      {
        "text": "fish",
        "meta": "@ingredient",
        "alias": "ingredientDel",
        "userDefined": false
      }
    ],
    "isTemplate": false,
    "count": 0,
    "lang": "en",
    "updated": 0
  },
  {
    "id": "f5696d48-3612-450d-87ca-8434c920e2be",
    "data": [
      {
        "text": "remove ",
        "userDefined": false
      },
      {
        "text": "gluten-free",
        "meta": "@dietaryRestriction",
        "alias": "dietaryRestrictionDel",
        "userDefined": false
      }
    ],
    "isTemplate": false,
    "count": 0,
    "lang": "en",
    "updated": 0
  },
  {
    "id": "88b17c75-ea2a-468c-99be-8073aeabb6d4",
    "data": [
      {
        "text": "remove the ",
        "userDefined": false
      },
      {
        "text": "gluten-free",
        "meta": "@dietaryRestriction",
        "alias": "dietaryRestrictionDel",
        "userDefined": false
      },
      {
        "text": " requirement",
        "userDefined": false
      }
    ],
    "isTemplate": false,
    "count": 0,
    "lang": "en",
    "updated": 0
  },
  {
    "id": "dc01beb9-ca08-4dbf-a190-9dd2ba58eab0",
    "data": [
      {
        "text": "I don\u0027t want the ",
        "userDefined": false
      },
      {
        "text": "gluten-free",
        "meta": "@dietaryRestriction",
        "alias": "dietaryRestrictionDel",
        "userDefined": true
      }
    ],
    "isTemplate": false,
    "count": 0,
    "lang": "en",
    "updated": 0
  },
  {
    "id": "0b2d0166-8d15-45b3-baed-13c584c31c46",
    "data": [
      {
        "text": "remove ",
        "userDefined": false
      },
      {
        "text": "spice",
        "meta": "@dietaryRestriction",
        "alias": "dietaryRestrictionDel",
        "userDefined": false
      }
    ],
    "isTemplate": false,
    "count": 0,
    "lang": "en",
    "updated": 0
  }
]