[
  {
    "id": "301d2adf-208e-4e0f-a5bf-0cb2ea82b358",
    "data": [
      {
        "text": "I don\u0027t want the not ",
        "userDefined": false
      },
      {
        "text": "Dutch",
        "meta": "@cuisine",
        "alias": "exludeCuisineDel",
        "userDefined": false
      },
      {
        "text": " filter.",
        "userDefined": false
      }
    ],
    "isTemplate": false,
    "count": 0,
    "lang": "en-gb",
    "updated": 0
  },
  {
    "id": "df97e41a-c7a7-49d4-89ee-ebe9d733c1e9",
    "data": [
      {
        "text": "Please delete not ",
        "userDefined": false
      },
      {
        "text": "pescetarian",
        "meta": "@dietaryRestriction",
        "alias": "dietaryRestrictionDel",
        "userDefined": false
      }
    ],
    "isTemplate": false,
    "count": 0,
    "lang": "en-gb",
    "updated": 0
  },
  {
    "id": "7e9dc36e-fc3c-4cf3-a530-3798de771aa8",
    "data": [
      {
        "text": "Get rid of the more than ",
        "userDefined": false
      },
      {
        "text": "7",
        "meta": "@sys.number",
        "alias": "moreIngredientNumberDel",
        "userDefined": false
      },
      {
        "text": " ingredients constraint",
        "userDefined": false
      }
    ],
    "isTemplate": false,
    "count": 0,
    "lang": "en-gb",
    "updated": 0
  },
  {
    "id": "a179fbc1-b709-4e0b-94f0-6c9cbf231611",
    "data": [
      {
        "text": "Delete more than ",
        "userDefined": false
      },
      {
        "text": "15",
        "meta": "@sys.number",
        "alias": "moreIngredientNumberDel",
        "userDefined": false
      },
      {
        "text": " ingredients",
        "userDefined": false
      }
    ],
    "isTemplate": false,
    "count": 0,
    "lang": "en-gb",
    "updated": 0
  },
  {
    "id": "4c9e470c-9201-4e47-bf74-4c73ea226174",
    "data": [
      {
        "text": "Remove not ",
        "userDefined": false
      },
      {
        "text": "Greek",
        "meta": "@cuisine",
        "alias": "exludeCuisineDel",
        "userDefined": false
      }
    ],
    "isTemplate": false,
    "count": 0,
    "lang": "en-gb",
    "updated": 0
  },
  {
    "id": "c34dd893-726c-48dd-99e1-c291f7068414",
    "data": [
      {
        "text": "Delete not ",
        "userDefined": false
      },
      {
        "text": "Swedish",
        "meta": "@cuisine",
        "alias": "exludeCuisineDel",
        "userDefined": false
      }
    ],
    "isTemplate": false,
    "count": 0,
    "lang": "en-gb",
    "updated": 0
  },
  {
    "id": "bf5dddcc-6693-4bc9-86bc-e587f8cc85e4",
    "data": [
      {
        "text": "I do not want the ",
        "userDefined": false
      },
      {
        "text": "more than 30 minutes",
        "meta": "@sys.duration",
        "alias": "durationlongerDel",
        "userDefined": false
      },
      {
        "text": " and ",
        "userDefined": false
      },
      {
        "text": "french",
        "meta": "@cuisine",
        "alias": "cuisineDel",
        "userDefined": false
      },
      {
        "text": " filter anymore.",
        "userDefined": false
      }
    ],
    "isTemplate": false,
    "count": 0,
    "lang": "en-gb",
    "updated": 0
  },
  {
    "id": "ce08d83e-3600-4d47-8703-1961798df0a6",
    "data": [
      {
        "text": "could you please remove ",
        "userDefined": false
      },
      {
        "text": "more than 120 minutes?",
        "meta": "@sys.duration",
        "alias": "durationlongerDel",
        "userDefined": false
      }
    ],
    "isTemplate": false,
    "count": 0,
    "lang": "en-gb",
    "updated": 0
  },
  {
    "id": "cc9aff0d-7af3-4148-b70c-08c72e4ea001",
    "data": [
      {
        "text": "Remove the non-",
        "userDefined": false
      },
      {
        "text": "vegan",
        "meta": "@dietaryRestriction",
        "alias": "excludeDietaryRestrictionDel",
        "userDefined": false
      },
      {
        "text": " filter",
        "userDefined": false
      }
    ],
    "isTemplate": false,
    "count": 0,
    "lang": "en-gb",
    "updated": 0
  },
  {
    "id": "5fedc33e-8446-4946-b132-189e1b989210",
    "data": [
      {
        "text": "I don\u0027t want the not ",
        "userDefined": false
      },
      {
        "text": "Spanish",
        "meta": "@cuisine",
        "alias": "exludeCuisineDel",
        "userDefined": false
      },
      {
        "text": " filter",
        "userDefined": false
      }
    ],
    "isTemplate": false,
    "count": 0,
    "lang": "en-gb",
    "updated": 0
  },
  {
    "id": "154187d0-8525-43b2-88fd-f20f5e8e645f",
    "data": [
      {
        "text": "Actually, remove the more than ",
        "userDefined": false
      },
      {
        "text": "10",
        "meta": "@sys.number",
        "alias": "moreIngredientNumberDel",
        "userDefined": false
      },
      {
        "text": " ingredients.",
        "userDefined": false
      }
    ],
    "isTemplate": false,
    "count": 0,
    "lang": "en-gb",
    "updated": 0
  },
  {
    "id": "e39dcfc3-9301-4099-9947-cc561ca606bf",
    "data": [
      {
        "text": "get rid of not ",
        "userDefined": false
      },
      {
        "text": "vegetarian",
        "meta": "@dietaryRestriction",
        "alias": "excludeDietaryRestrictionDel",
        "userDefined": false
      }
    ],
    "isTemplate": false,
    "count": 0,
    "lang": "en-gb",
    "updated": 0
  },
  {
    "id": "b86ea00b-0471-427e-ad63-f5cb13f64ff6",
    "data": [
      {
        "text": "Remove not ",
        "userDefined": false
      },
      {
        "text": "pescetarian",
        "meta": "@dietaryRestriction",
        "alias": "excludeDietaryRestrictionDel",
        "userDefined": false
      }
    ],
    "isTemplate": false,
    "count": 0,
    "lang": "en-gb",
    "updated": 0
  },
  {
    "id": "334214a9-8af2-4757-b60a-a81be4a3da0e",
    "data": [
      {
        "text": "I don\u0027t want the not ",
        "userDefined": false
      },
      {
        "text": "French",
        "meta": "@cuisine",
        "alias": "exludeCuisineDel",
        "userDefined": false
      },
      {
        "text": " filter",
        "userDefined": false
      }
    ],
    "isTemplate": false,
    "count": 0,
    "lang": "en-gb",
    "updated": 0
  },
  {
    "id": "7134526a-f5b2-465e-a723-339842ef382e",
    "data": [
      {
        "text": "Get rid of ",
        "userDefined": false
      },
      {
        "text": "more than 60 minutes",
        "meta": "@sys.duration",
        "alias": "durationlongerDel",
        "userDefined": false
      }
    ],
    "isTemplate": false,
    "count": 0,
    "lang": "en-gb",
    "updated": 0
  },
  {
    "id": "17bc88d6-64c1-418e-9afb-36f4fcd4dbda",
    "data": [
      {
        "text": "Remove the not ",
        "userDefined": false
      },
      {
        "text": "Italian",
        "meta": "@cuisine",
        "alias": "exludeCuisineDel",
        "userDefined": false
      },
      {
        "text": " filter please",
        "userDefined": false
      }
    ],
    "isTemplate": false,
    "count": 0,
    "lang": "en-gb",
    "updated": 0
  },
  {
    "id": "779dffe3-7af2-484d-ad6e-c19adc3f068b",
    "data": [
      {
        "text": "Can you remove the ",
        "userDefined": false
      },
      {
        "text": "onion",
        "meta": "@ingredient",
        "alias": "ingredientDel",
        "userDefined": false
      },
      {
        "text": " constraint?",
        "userDefined": false
      }
    ],
    "isTemplate": false,
    "count": 0,
    "lang": "en-gb",
    "updated": 0
  },
  {
    "id": "55a67d69-e2b0-4651-a86c-630398fba5d8",
    "data": [
      {
        "text": "Could you remove the ",
        "userDefined": false
      },
      {
        "text": "vegan",
        "meta": "@dietaryRestriction",
        "alias": "dietaryRestrictionDel",
        "userDefined": false
      },
      {
        "text": " filter?",
        "userDefined": false
      }
    ],
    "isTemplate": false,
    "count": 0,
    "lang": "en-gb",
    "updated": 0
  },
  {
    "id": "df32ccab-8608-4260-a810-e0fa41918bb3",
    "data": [
      {
        "text": "Delete the ",
        "userDefined": false
      },
      {
        "text": "vegetarian",
        "meta": "@dietaryRestriction",
        "alias": "dietaryRestrictionDel",
        "userDefined": false
      },
      {
        "text": " option",
        "userDefined": false
      }
    ],
    "isTemplate": false,
    "count": 0,
    "lang": "en-gb",
    "updated": 0
  },
  {
    "id": "1aa55dce-2807-4e51-882e-c68c6bf0f196",
    "data": [
      {
        "text": "Please don\u0027t apply the ",
        "userDefined": false
      },
      {
        "text": "lactose-free",
        "meta": "@dietaryRestriction",
        "alias": "dietaryRestrictionDel",
        "userDefined": false
      },
      {
        "text": " options",
        "userDefined": false
      }
    ],
    "isTemplate": false,
    "count": 0,
    "lang": "en-gb",
    "updated": 0
  },
  {
    "id": "37fa5c2f-5789-43eb-852c-fadf645664bc",
    "data": [
      {
        "text": "Forget about the ",
        "userDefined": false
      },
      {
        "text": "Swedish",
        "meta": "@cuisine",
        "alias": "cuisineDel",
        "userDefined": false
      },
      {
        "text": " recipes",
        "userDefined": false
      }
    ],
    "isTemplate": false,
    "count": 0,
    "lang": "en-gb",
    "updated": 0
  },
  {
    "id": "66dd3082-7ee2-4c7f-9af3-49afdcce9103",
    "data": [
      {
        "text": "Delete ",
        "userDefined": false
      },
      {
        "text": "French",
        "meta": "@cuisine",
        "alias": "cuisineDel",
        "userDefined": false
      },
      {
        "text": " cuisine please",
        "userDefined": false
      }
    ],
    "isTemplate": false,
    "count": 0,
    "lang": "en-gb",
    "updated": 0
  },
  {
    "id": "a5b4ce85-5b23-4133-88c7-4e1118cdd34a",
    "data": [
      {
        "text": "Could you delete the ",
        "userDefined": false
      },
      {
        "text": "Fijian",
        "meta": "@cuisine",
        "alias": "cuisineDel",
        "userDefined": false
      },
      {
        "text": " cuisine?",
        "userDefined": false
      }
    ],
    "isTemplate": false,
    "count": 0,
    "lang": "en-gb",
    "updated": 0
  },
  {
    "id": "4a887259-6d36-4cb1-89be-13fa6d66c7fd",
    "data": [
      {
        "text": "Can you delete ",
        "userDefined": false
      },
      {
        "text": "Indian",
        "meta": "@cuisine",
        "alias": "cuisineDel",
        "userDefined": false
      },
      {
        "text": " cuisine?",
        "userDefined": false
      }
    ],
    "isTemplate": false,
    "count": 0,
    "lang": "en-gb",
    "updated": 0
  },
  {
    "id": "441ddfdf-80a0-478a-8b82-8ba88cb6c465",
    "data": [
      {
        "text": "Forgot about excluding ",
        "userDefined": false
      },
      {
        "text": "brocolli",
        "meta": "@ingredient",
        "alias": "excludeIngredientDel",
        "userDefined": true
      }
    ],
    "isTemplate": false,
    "count": 0,
    "lang": "en-gb",
    "updated": 0
  },
  {
    "id": "fe11966f-7d95-49a9-b1b0-67fe1fcd11ad",
    "data": [
      {
        "text": "Never mind the not ",
        "userDefined": false
      },
      {
        "text": "union",
        "meta": "@ingredient",
        "alias": "excludeIngredientDel",
        "userDefined": true
      }
    ],
    "isTemplate": false,
    "count": 0,
    "lang": "en-gb",
    "updated": 0
  },
  {
    "id": "05e6a8f2-070a-4509-9ed7-d5ad5926484f",
    "data": [
      {
        "text": "Don\u0027t apply the ",
        "userDefined": false
      },
      {
        "text": "burger",
        "meta": "@tag",
        "alias": "tagDel",
        "userDefined": false
      },
      {
        "text": " options",
        "userDefined": false
      }
    ],
    "isTemplate": false,
    "count": 0,
    "lang": "en-gb",
    "updated": 0
  },
  {
    "id": "54bce661-be22-40df-89e8-b83ab6b3793f",
    "data": [
      {
        "text": "Nevermind the ",
        "userDefined": false
      },
      {
        "text": "salad",
        "meta": "@tag",
        "alias": "tagDel",
        "userDefined": true
      }
    ],
    "isTemplate": false,
    "count": 0,
    "lang": "en-gb",
    "updated": 0
  },
  {
    "id": "3519242b-e7f7-4289-bc0b-0a6dedab0ee7",
    "data": [
      {
        "text": "Forget the ",
        "userDefined": false
      },
      {
        "text": "quick",
        "meta": "@shortTimeKeyWord",
        "alias": "shortTimeKeyWordDel",
        "userDefined": false
      },
      {
        "text": " recipes",
        "userDefined": false
      }
    ],
    "isTemplate": false,
    "count": 0,
    "lang": "en-gb",
    "updated": 0
  },
  {
    "id": "894041b1-198d-4b0e-8ce6-2ff14079a209",
    "data": [
      {
        "text": "Nevermind the ",
        "userDefined": false
      },
      {
        "text": "fast",
        "meta": "@shortTimeKeyWord",
        "alias": "shortTimeKeyWordDel",
        "userDefined": true
      },
      {
        "text": " recipes",
        "userDefined": false
      }
    ],
    "isTemplate": false,
    "count": 0,
    "lang": "en-gb",
    "updated": 0
  },
  {
    "id": "327cc6b0-4180-4603-bc69-11f5eae25074",
    "data": [
      {
        "text": "Forget about the ",
        "userDefined": false
      },
      {
        "text": "risotto",
        "meta": "@ingredient",
        "alias": "ingredientDel",
        "userDefined": true
      }
    ],
    "isTemplate": false,
    "count": 0,
    "lang": "en-gb",
    "updated": 0
  },
  {
    "id": "9da2393b-1e62-45aa-8023-03e473dab446",
    "data": [
      {
        "text": "Nevermind about the in ",
        "userDefined": false
      },
      {
        "text": "15 minutes",
        "meta": "@sys.duration",
        "alias": "durationDel",
        "userDefined": false
      }
    ],
    "isTemplate": false,
    "count": 0,
    "lang": "en-gb",
    "updated": 0
  },
  {
    "id": "4c87b4ef-24c1-4883-8182-a66fdc48141c",
    "data": [
      {
        "text": "Nevermind about the ",
        "userDefined": false
      },
      {
        "text": "potatoes",
        "meta": "@ingredient",
        "alias": "ingredientDel",
        "userDefined": false
      }
    ],
    "isTemplate": false,
    "count": 0,
    "lang": "en-gb",
    "updated": 0
  },
  {
    "id": "11cc013a-71d4-4391-adf2-947f4e1467e3",
    "data": [
      {
        "text": "Nevermind about the less than ",
        "userDefined": false
      },
      {
        "text": "15",
        "meta": "@sys.number",
        "alias": "stepsDel",
        "userDefined": true
      },
      {
        "text": " steps",
        "userDefined": false
      }
    ],
    "isTemplate": false,
    "count": 0,
    "lang": "en-gb",
    "updated": 0
  },
  {
    "id": "3f12c572-b274-418b-a99d-d82f9471fd67",
    "data": [
      {
        "text": "forget about the ",
        "userDefined": false
      },
      {
        "text": "4",
        "meta": "@sys.number",
        "alias": "servingsDel",
        "userDefined": true
      },
      {
        "text": " servings",
        "userDefined": false
      }
    ],
    "isTemplate": false,
    "count": 0,
    "lang": "en-gb",
    "updated": 0
  },
  {
    "id": "d47c3915-09e9-4f1e-a8c7-c8355c296421",
    "data": [
      {
        "text": "Do not apply the ",
        "userDefined": false
      },
      {
        "text": "lactose-free",
        "meta": "@dietaryRestriction",
        "alias": "dietaryRestrictionDel",
        "userDefined": true
      },
      {
        "text": " filter",
        "userDefined": false
      }
    ],
    "isTemplate": false,
    "count": 0,
    "lang": "en-gb",
    "updated": 0
  },
  {
    "id": "69169db2-e4bf-4d17-8208-11585e81704b",
    "data": [
      {
        "text": "Don\u0027t apply the ",
        "userDefined": false
      },
      {
        "text": "pescatarian",
        "meta": "@dietaryRestriction",
        "alias": "dietaryRestrictionDel",
        "userDefined": true
      },
      {
        "text": " options",
        "userDefined": false
      }
    ],
    "isTemplate": false,
    "count": 0,
    "lang": "en-gb",
    "updated": 0
  },
  {
    "id": "0f2a41e8-4f84-4fe7-8c90-6cd904a9ff08",
    "data": [
      {
        "text": "Please don\u0027t apply in ",
        "userDefined": false
      },
      {
        "text": "20",
        "meta": "@sys.number",
        "alias": "stepsDel",
        "userDefined": false
      },
      {
        "text": " steps",
        "userDefined": false
      }
    ],
    "isTemplate": false,
    "count": 0,
    "lang": "en-gb",
    "updated": 0
  },
  {
    "id": "5a69bbe6-6db4-4829-ade2-4ed469262fac",
    "data": [
      {
        "text": "Please don\u0027t apply the less than ",
        "userDefined": false
      },
      {
        "text": "20 minutes",
        "meta": "@sys.duration",
        "alias": "durationDel",
        "userDefined": false
      }
    ],
    "isTemplate": false,
    "count": 0,
    "lang": "en-gb",
    "updated": 0
  },
  {
    "id": "116dbf5b-2f05-4901-841e-fcf032e00ecc",
    "data": [
      {
        "text": "Please do not apply the ",
        "userDefined": false
      },
      {
        "text": "fish",
        "meta": "@ingredientType",
        "alias": "ingredientTypeDel",
        "userDefined": true
      },
      {
        "text": " options",
        "userDefined": false
      }
    ],
    "isTemplate": false,
    "count": 0,
    "lang": "en-gb",
    "updated": 0
  },
  {
    "id": "7ffd819c-b616-4867-96f9-92abac7e7ae6",
    "data": [
      {
        "text": "Please drop the ",
        "userDefined": false
      },
      {
        "text": "simple",
        "meta": "@easyKeyWord",
        "alias": "easyKeyWordDel",
        "userDefined": true
      },
      {
        "text": " options",
        "userDefined": false
      }
    ],
    "isTemplate": false,
    "count": 0,
    "lang": "en-gb",
    "updated": 0
  },
  {
    "id": "1069a181-29a6-4702-9a34-da405eea798b",
    "data": [
      {
        "text": "Please drop ",
        "userDefined": false
      },
      {
        "text": "lactose-free",
        "meta": "@dietaryRestriction",
        "alias": "dietaryRestrictionDel",
        "userDefined": true
      }
    ],
    "isTemplate": false,
    "count": 0,
    "lang": "en-gb",
    "updated": 0
  },
  {
    "id": "8685c204-97fe-43ba-a997-dcc5e213f33a",
    "data": [
      {
        "text": "Please drop the ",
        "userDefined": false
      },
      {
        "text": "meal-prep",
        "meta": "@mealType",
        "alias": "mealTypeDel",
        "userDefined": true
      }
    ],
    "isTemplate": false,
    "count": 0,
    "lang": "en-gb",
    "updated": 0
  },
  {
    "id": "99fff485-8b8f-428a-90d0-f6b2524656fe",
    "data": [
      {
        "text": "Drop the under ",
        "userDefined": false
      },
      {
        "text": "10",
        "meta": "@sys.number",
        "alias": "stepsDel",
        "userDefined": false
      },
      {
        "text": " steps filter",
        "userDefined": false
      }
    ],
    "isTemplate": false,
    "count": 0,
    "lang": "en-gb",
    "updated": 0
  },
  {
    "id": "c7655fc8-903d-45cc-8b8f-8878b6d0aa26",
    "data": [
      {
        "text": "Drop the ",
        "userDefined": false
      },
      {
        "text": "onions",
        "meta": "@ingredient",
        "alias": "ingredientDel",
        "userDefined": false
      },
      {
        "text": " filter",
        "userDefined": false
      }
    ],
    "isTemplate": false,
    "count": 0,
    "lang": "en-gb",
    "updated": 0
  },
  {
    "id": "25554d30-75b4-451d-975b-7b9546570805",
    "data": [
      {
        "text": "Drop the less than ",
        "userDefined": false
      },
      {
        "text": "15 minutes",
        "meta": "@sys.duration",
        "alias": "durationDel",
        "userDefined": false
      },
      {
        "text": " options",
        "userDefined": false
      }
    ],
    "isTemplate": false,
    "count": 0,
    "lang": "en-gb",
    "updated": 0
  },
  {
    "id": "af179702-24b3-48d1-9252-62d3cb6ed00c",
    "data": [
      {
        "text": "Drop the ",
        "userDefined": false
      },
      {
        "text": "pasta",
        "meta": "@ingredientType",
        "alias": "ingredientTypeDel",
        "userDefined": true
      },
      {
        "text": " options",
        "userDefined": false
      }
    ],
    "isTemplate": false,
    "count": 0,
    "lang": "en-gb",
    "updated": 0
  },
  {
    "id": "fb00b81d-97f4-4343-8d18-fd9f409582e3",
    "data": [
      {
        "text": "Don\u0027t do the under ",
        "userDefined": false
      },
      {
        "text": "30 minutes",
        "meta": "@sys.duration",
        "alias": "durationDel",
        "userDefined": false
      }
    ],
    "isTemplate": false,
    "count": 0,
    "lang": "en-gb",
    "updated": 0
  },
  {
    "id": "c5d6695d-2f29-4de7-b717-dd14ff31ab64",
    "data": [
      {
        "text": "Don\u0027t do the less than ",
        "userDefined": false
      },
      {
        "text": "9",
        "meta": "@sys.number",
        "alias": "stepsDel",
        "userDefined": true
      },
      {
        "text": " steps",
        "userDefined": false
      }
    ],
    "isTemplate": false,
    "count": 0,
    "lang": "en-gb",
    "updated": 0
  },
  {
    "id": "e59b6d83-75f1-416e-b5e4-fe716299b9fb",
    "data": [
      {
        "text": "Don\u0027t do the in ",
        "userDefined": false
      },
      {
        "text": "20 minutes",
        "meta": "@sys.duration",
        "alias": "durationDel",
        "userDefined": false
      }
    ],
    "isTemplate": false,
    "count": 0,
    "lang": "en-gb",
    "updated": 0
  },
  {
    "id": "0cb07cb1-5d40-4f78-8a02-9bc69ef3f125",
    "data": [
      {
        "text": "Drop the ",
        "userDefined": false
      },
      {
        "text": "meat",
        "meta": "@ingredientType",
        "alias": "ingredientTypeDel",
        "userDefined": true
      },
      {
        "text": " requirement",
        "userDefined": false
      }
    ],
    "isTemplate": false,
    "count": 0,
    "lang": "en-gb",
    "updated": 0
  },
  {
    "id": "fe69f892-0b18-495d-9e76-c95a8d300f59",
    "data": [
      {
        "text": "Drop the ",
        "userDefined": false
      },
      {
        "text": "meat",
        "meta": "@ingredientType",
        "alias": "ingredientTypeDel",
        "userDefined": true
      },
      {
        "text": " preference",
        "userDefined": false
      }
    ],
    "isTemplate": false,
    "count": 0,
    "lang": "en-gb",
    "updated": 0
  },
  {
    "id": "9fee9ea1-0244-435e-a13f-0a1a8df06a23",
    "data": [
      {
        "text": "Forget about the ",
        "userDefined": false
      },
      {
        "text": "meat",
        "meta": "@ingredientType",
        "alias": "ingredientTypeDel",
        "userDefined": true
      }
    ],
    "isTemplate": false,
    "count": 0,
    "lang": "en-gb",
    "updated": 0
  },
  {
    "id": "9bc997b5-e497-482c-84b1-c914200e7091",
    "data": [
      {
        "text": "Forget the in ",
        "userDefined": false
      },
      {
        "text": "15 minutes",
        "meta": "@sys.duration",
        "alias": "durationDel",
        "userDefined": false
      }
    ],
    "isTemplate": false,
    "count": 0,
    "lang": "en-gb",
    "updated": 0
  },
  {
    "id": "e69bde92-57bf-4cd7-9a32-2f6d2e71350b",
    "data": [
      {
        "text": "Forget the under ",
        "userDefined": false
      },
      {
        "text": "half an hour",
        "meta": "@sys.duration",
        "alias": "durationDel",
        "userDefined": false
      }
    ],
    "isTemplate": false,
    "count": 0,
    "lang": "en-gb",
    "updated": 0
  },
  {
    "id": "820ba8e2-5b99-4ba5-bc6f-b1f66c08ebe5",
    "data": [
      {
        "text": "Forget the ",
        "userDefined": false
      },
      {
        "text": "meal-prep",
        "meta": "@mealType",
        "alias": "mealTypeDel",
        "userDefined": true
      }
    ],
    "isTemplate": false,
    "count": 0,
    "lang": "en-gb",
    "updated": 0
  },
  {
    "id": "c3a70363-1b62-40a6-9e29-78ce19373169",
    "data": [
      {
        "text": "Forget about the ",
        "userDefined": false
      },
      {
        "text": "snacks",
        "meta": "@mealType",
        "alias": "mealTypeDel",
        "userDefined": true
      }
    ],
    "isTemplate": false,
    "count": 0,
    "lang": "en-gb",
    "updated": 0
  },
  {
    "id": "d32413f6-e9ed-4f43-bd41-aba52ab7de94",
    "data": [
      {
        "text": "Forget about the ",
        "userDefined": false
      },
      {
        "text": "asian",
        "meta": "@cuisine",
        "alias": "cuisineDel",
        "userDefined": false
      },
      {
        "text": " dishes",
        "userDefined": false
      }
    ],
    "isTemplate": false,
    "count": 0,
    "lang": "en-gb",
    "updated": 0
  },
  {
    "id": "86ab94ef-b307-4e7c-b145-9c5567872f95",
    "data": [
      {
        "text": "Please remove the ",
        "userDefined": false
      },
      {
        "text": "Indian",
        "meta": "@cuisine",
        "alias": "cuisineDel",
        "userDefined": false
      },
      {
        "text": " filter",
        "userDefined": false
      }
    ],
    "isTemplate": false,
    "count": 0,
    "lang": "en-gb",
    "updated": 0
  },
  {
    "id": "53c478da-8499-423b-914e-df3760fbc879",
    "data": [
      {
        "text": "Could you undo ",
        "userDefined": false
      },
      {
        "text": "lactose-free",
        "meta": "@dietaryRestriction",
        "alias": "dietaryRestrictionDel",
        "userDefined": true
      },
      {
        "text": " filter",
        "userDefined": false
      }
    ],
    "isTemplate": false,
    "count": 0,
    "lang": "en-gb",
    "updated": 0
  },
  {
    "id": "c0b13dc7-1aa5-42e8-b61d-9120f80cd2fb",
    "data": [
      {
        "text": "Remove the ",
        "userDefined": false
      },
      {
        "text": "poultry",
        "meta": "@ingredientType",
        "alias": "ingredientTypeDel",
        "userDefined": true
      },
      {
        "text": " please",
        "userDefined": false
      }
    ],
    "isTemplate": false,
    "count": 0,
    "lang": "en-gb",
    "updated": 0
  },
  {
    "id": "14d347fb-1fbc-4240-aa02-80bd94e1c7f0",
    "data": [
      {
        "text": "Remove the less than ",
        "userDefined": false
      },
      {
        "text": "40 minutes",
        "meta": "@sys.duration",
        "alias": "durationDel",
        "userDefined": false
      }
    ],
    "isTemplate": false,
    "count": 0,
    "lang": "en-gb",
    "updated": 0
  },
  {
    "id": "7608756c-6848-4d66-a6a0-49e4bfe6fdda",
    "data": [
      {
        "text": "Delete the under ",
        "userDefined": false
      },
      {
        "text": "17",
        "meta": "@sys.number",
        "alias": "stepsDel",
        "userDefined": false
      },
      {
        "text": " steps",
        "userDefined": false
      }
    ],
    "isTemplate": false,
    "count": 0,
    "lang": "en-gb",
    "updated": 0
  },
  {
    "id": "6a887a32-505f-4126-8d0e-d455fe7d888f",
    "data": [
      {
        "text": "Please delete the in ",
        "userDefined": false
      },
      {
        "text": "half an hour",
        "meta": "@sys.duration",
        "alias": "durationDel",
        "userDefined": false
      }
    ],
    "isTemplate": false,
    "count": 0,
    "lang": "en-gb",
    "updated": 0
  },
  {
    "id": "8b2f012b-6839-4fbe-abe7-81e97ad3fec4",
    "data": [
      {
        "text": "Delete the ",
        "userDefined": false
      },
      {
        "text": "vegan",
        "meta": "@dietaryRestriction",
        "alias": "dietaryRestrictionDel",
        "userDefined": true
      },
      {
        "text": " options",
        "userDefined": false
      }
    ],
    "isTemplate": false,
    "count": 0,
    "lang": "en-gb",
    "updated": 0
  },
  {
    "id": "68c55700-38cc-40d8-b5ee-25b5ed6b1a71",
    "data": [
      {
        "text": "Undo the ",
        "userDefined": false
      },
      {
        "text": "tomato",
        "meta": "@ingredient",
        "alias": "ingredientDel",
        "userDefined": false
      },
      {
        "text": " options",
        "userDefined": false
      }
    ],
    "isTemplate": false,
    "count": 0,
    "lang": "en-gb",
    "updated": 0
  },
  {
    "id": "efbec145-c89c-4d2e-9c37-07647cea5beb",
    "data": [
      {
        "text": "Please undo the ",
        "userDefined": false
      },
      {
        "text": "vegan",
        "meta": "@dietaryRestriction",
        "alias": "dietaryRestrictionDel",
        "userDefined": true
      },
      {
        "text": " filter",
        "userDefined": false
      }
    ],
    "isTemplate": false,
    "count": 0,
    "lang": "en-gb",
    "updated": 0
  },
  {
    "id": "1ad50261-b81e-4d99-87d0-f6f1c784eecb",
    "data": [
      {
        "text": "forget about the not ",
        "userDefined": false
      },
      {
        "text": "cheese",
        "meta": "@ingredientType",
        "alias": "excludeIngredientTypeDel",
        "userDefined": true
      }
    ],
    "isTemplate": false,
    "count": 0,
    "lang": "en-gb",
    "updated": 0
  },
  {
    "id": "a6c7f786-2608-4d44-8ad6-c7ac0c0c5559",
    "data": [
      {
        "text": "Please undo the ",
        "userDefined": false
      },
      {
        "text": "tagliatelle",
        "meta": "@ingredient",
        "alias": "ingredientDel",
        "userDefined": false
      },
      {
        "text": " options",
        "userDefined": false
      }
    ],
    "isTemplate": false,
    "count": 0,
    "lang": "en-gb",
    "updated": 0
  },
  {
    "id": "97244e7a-d44e-462f-8219-997dc03c5702",
    "data": [
      {
        "text": "Undo the ",
        "userDefined": false
      },
      {
        "text": "meal-prep",
        "meta": "@mealType",
        "alias": "mealTypeDel",
        "userDefined": true
      },
      {
        "text": " filter",
        "userDefined": false
      }
    ],
    "isTemplate": false,
    "count": 0,
    "lang": "en-gb",
    "updated": 0
  },
  {
    "id": "b1777287-2742-4b83-a436-97172859db7b",
    "data": [
      {
        "text": "Could you undo the ",
        "userDefined": false
      },
      {
        "text": "lamb",
        "meta": "@ingredientType",
        "alias": "ingredientTypeDel",
        "userDefined": true
      },
      {
        "text": " options",
        "userDefined": false
      }
    ],
    "isTemplate": false,
    "count": 0,
    "lang": "en-gb",
    "updated": 0
  },
  {
    "id": "fb52afa1-bc8c-4721-9451-a6c09d0628fa",
    "data": [
      {
        "text": "Can you remove the under ",
        "userDefined": false
      },
      {
        "text": "20",
        "meta": "@sys.number",
        "alias": "stepsDel",
        "userDefined": false
      },
      {
        "text": " steps?",
        "userDefined": false
      }
    ],
    "isTemplate": false,
    "count": 0,
    "lang": "en-gb",
    "updated": 0
  },
  {
    "id": "f9794e8d-0f3c-43c8-a637-98cf92794dfc",
    "data": [
      {
        "text": "Forget about the under ",
        "userDefined": false
      },
      {
        "text": "30 minutes",
        "meta": "@sys.duration",
        "alias": "durationDel",
        "userDefined": true
      }
    ],
    "isTemplate": false,
    "count": 0,
    "lang": "en-gb",
    "updated": 0
  },
  {
    "id": "03d05f7c-0985-48b2-bfcd-82aafdef6fd6",
    "data": [
      {
        "text": "Remove the ",
        "userDefined": false
      },
      {
        "text": "6",
        "meta": "@sys.number",
        "alias": "ingredientNumberDel",
        "userDefined": true
      },
      {
        "text": " ingredients",
        "userDefined": false
      }
    ],
    "isTemplate": false,
    "count": 0,
    "lang": "en-gb",
    "updated": 0
  },
  {
    "id": "0a28adfb-e4df-4a8b-9591-b8cf66db1458",
    "data": [
      {
        "text": "Could you delete the ",
        "userDefined": false
      },
      {
        "text": "8",
        "meta": "@sys.number",
        "alias": "stepsDel",
        "userDefined": true
      },
      {
        "text": " steps?",
        "userDefined": false
      }
    ],
    "isTemplate": false,
    "count": 0,
    "lang": "en-gb",
    "updated": 0
  },
  {
    "id": "dac54b46-cb46-41ea-b26b-66a211e9a05b",
    "data": [
      {
        "text": "Can you drop the ",
        "userDefined": false
      },
      {
        "text": "Swiss",
        "meta": "@cuisine",
        "alias": "cuisineDel",
        "userDefined": false
      },
      {
        "text": " filter?",
        "userDefined": false
      }
    ],
    "isTemplate": false,
    "count": 1,
    "lang": "en-gb",
    "updated": 0
  },
  {
    "id": "7a27134b-878e-44a1-b02b-791a21d6487c",
    "data": [
      {
        "text": "You can drop the ",
        "userDefined": false
      },
      {
        "text": "dessert",
        "meta": "@mealType",
        "alias": "mealTypeDel",
        "userDefined": true
      },
      {
        "text": " filter",
        "userDefined": false
      }
    ],
    "isTemplate": false,
    "count": 0,
    "lang": "en-gb",
    "updated": 0
  },
  {
    "id": "4c1e9120-6e8c-4391-ad58-b44b6f09a862",
    "data": [
      {
        "text": "You can drop the ",
        "userDefined": false
      },
      {
        "text": "breakfast",
        "meta": "@mealType",
        "alias": "mealTypeDel",
        "userDefined": true
      },
      {
        "text": " filter then",
        "userDefined": false
      }
    ],
    "isTemplate": false,
    "count": 0,
    "lang": "en-gb",
    "updated": 0
  },
  {
    "id": "138a450b-4082-4799-985e-b501a59be8ce",
    "data": [
      {
        "text": "Undo the ",
        "userDefined": false
      },
      {
        "text": "healthy",
        "meta": "@mealType",
        "alias": "mealTypeDel",
        "userDefined": true
      },
      {
        "text": " filter",
        "userDefined": false
      }
    ],
    "isTemplate": false,
    "count": 0,
    "lang": "en-gb",
    "updated": 0
  },
  {
    "id": "8caf32e9-7dc1-4085-929b-7252863224bf",
    "data": [
      {
        "text": "Undo the ",
        "userDefined": false
      },
      {
        "text": "potato",
        "meta": "@ingredient",
        "alias": "ingredientDel",
        "userDefined": false
      },
      {
        "text": " options",
        "userDefined": false
      }
    ],
    "isTemplate": false,
    "count": 0,
    "lang": "en-gb",
    "updated": 0
  },
  {
    "id": "0177b0f5-9097-4f07-ab64-01c2103a14ac",
    "data": [
      {
        "text": "Don\u0027t apply the under ",
        "userDefined": false
      },
      {
        "text": "an hour",
        "meta": "@sys.duration",
        "alias": "durationDel",
        "userDefined": false
      }
    ],
    "isTemplate": false,
    "count": 0,
    "lang": "en-gb",
    "updated": 0
  },
  {
    "id": "219df95e-9829-4435-9a86-810fc4f92445",
    "data": [
      {
        "text": "Forget about the ",
        "userDefined": false
      },
      {
        "text": "Indian",
        "meta": "@cuisine",
        "alias": "cuisineDel",
        "userDefined": false
      },
      {
        "text": " options",
        "userDefined": false
      }
    ],
    "isTemplate": false,
    "count": 0,
    "lang": "en-gb",
    "updated": 0
  },
  {
    "id": "e15fbc9e-d287-4be1-9b43-96172450831c",
    "data": [
      {
        "text": "Nevermind about the ",
        "userDefined": false
      },
      {
        "text": "tofu",
        "meta": "@ingredient",
        "alias": "ingredientDel",
        "userDefined": false
      },
      {
        "text": " then",
        "userDefined": false
      }
    ],
    "isTemplate": false,
    "count": 0,
    "lang": "en-gb",
    "updated": 0
  },
  {
    "id": "71faa26c-2625-4613-a607-ab9f80f71936",
    "data": [
      {
        "text": "Can you delete ",
        "userDefined": false
      },
      {
        "text": "Italian",
        "meta": "@cuisine",
        "alias": "cuisineDel",
        "userDefined": false
      },
      {
        "text": "?",
        "userDefined": false
      }
    ],
    "isTemplate": false,
    "count": 0,
    "lang": "en-gb",
    "updated": 0
  },
  {
    "id": "bf8ac916-c318-4736-adc5-2861b39a46ce",
    "data": [
      {
        "text": "Remove ",
        "userDefined": false
      },
      {
        "text": "spring onions",
        "meta": "@ingredient",
        "alias": "ingredientDel",
        "userDefined": false
      },
      {
        "text": " from the list",
        "userDefined": false
      }
    ],
    "isTemplate": false,
    "count": 0,
    "lang": "en-gb",
    "updated": 0
  },
  {
    "id": "a3df8b2b-13f1-4b5b-bc6f-c22fc87d22ee",
    "data": [
      {
        "text": "Please delete ",
        "userDefined": false
      },
      {
        "text": "ginger",
        "meta": "@ingredient",
        "alias": "ingredientDel",
        "userDefined": false
      },
      {
        "text": " from the list",
        "userDefined": false
      }
    ],
    "isTemplate": false,
    "count": 0,
    "lang": "en-gb",
    "updated": 0
  },
  {
    "id": "ad3edc72-d1a1-431d-94cc-9dc6577b54e9",
    "data": [
      {
        "text": "Could you remove the ",
        "userDefined": false
      },
      {
        "text": "simple",
        "meta": "@easyKeyWord",
        "alias": "easyKeyWordDel",
        "userDefined": true
      },
      {
        "text": " filter from the list?",
        "userDefined": false
      }
    ],
    "isTemplate": false,
    "count": 0,
    "lang": "en-gb",
    "updated": 0
  },
  {
    "id": "96b6adfb-bd7f-4fce-ba25-42999eedb56a",
    "data": [
      {
        "text": "Remove the ",
        "userDefined": false
      },
      {
        "text": "Chinese",
        "meta": "@cuisine",
        "alias": "cuisineDel",
        "userDefined": false
      },
      {
        "text": " filter",
        "userDefined": false
      }
    ],
    "isTemplate": false,
    "count": 0,
    "lang": "en-gb",
    "updated": 0
  },
  {
    "id": "63deab15-bc6d-4aa7-afd6-045aac817c31",
    "data": [
      {
        "text": "Don\u0027t do the ",
        "userDefined": false
      },
      {
        "text": "pork",
        "meta": "@ingredientType",
        "alias": "excludeIngredientTypeDel",
        "userDefined": true
      }
    ],
    "isTemplate": false,
    "count": 0,
    "lang": "en-gb",
    "updated": 0
  },
  {
    "id": "6e2a9de3-8f90-4ecb-bf34-0b62066b83fe",
    "data": [
      {
        "text": "I don\u0027t want a ",
        "userDefined": false
      },
      {
        "text": "vegetarian",
        "meta": "@dietaryRestriction",
        "alias": "dietaryRestrictionDel",
        "userDefined": false
      },
      {
        "text": " dish anymore",
        "userDefined": false
      }
    ],
    "isTemplate": false,
    "count": 0,
    "lang": "en-gb",
    "updated": 0
  },
  {
    "id": "ce8ac831-92e2-430f-b17c-e0aefa4cef81",
    "data": [
      {
        "text": "can you please remove the without ",
        "userDefined": false
      },
      {
        "text": "cheese",
        "meta": "@ingredientType",
        "alias": "excludeIngredientTypeDel",
        "userDefined": false
      },
      {
        "text": " requirements",
        "userDefined": false
      }
    ],
    "isTemplate": false,
    "count": 0,
    "lang": "en-gb",
    "updated": 0
  },
  {
    "id": "dcffedcd-9d57-4a20-8725-b24b725578d9",
    "data": [
      {
        "text": "are you please removed without ",
        "userDefined": false
      },
      {
        "text": "cheese",
        "meta": "@ingredientType",
        "alias": "excludeIngredientTypeDel",
        "userDefined": false
      },
      {
        "text": " filter",
        "userDefined": false
      }
    ],
    "isTemplate": false,
    "count": 0,
    "lang": "en-gb",
    "updated": 0
  },
  {
    "id": "2e5f4aa1-2fa2-4ef2-bb4b-6e60881eebcd",
    "data": [
      {
        "text": "remove ",
        "userDefined": false
      },
      {
        "text": "garlic",
        "meta": "@ingredient",
        "alias": "ingredientDel",
        "userDefined": false
      },
      {
        "text": " and ",
        "userDefined": false
      },
      {
        "text": "onion",
        "meta": "@ingredient",
        "alias": "ingredientDel",
        "userDefined": false
      }
    ],
    "isTemplate": false,
    "count": 0,
    "lang": "en-gb",
    "updated": 0
  },
  {
    "data": [
      {
        "text": "remove less than ",
        "userDefined": false
      },
      {
        "text": "10",
        "meta": "@sys.number",
        "alias": "ingredientNumberDel",
        "userDefined": false
      },
      {
        "text": " ingredients",
        "userDefined": false
      }
    ],
    "isTemplate": false,
    "count": 1,
    "lang": "en-gb",
    "updated": 0
  },
  {
    "data": [
      {
        "text": "remove less than ",
        "userDefined": false
      },
      {
        "text": "7",
        "meta": "@sys.number",
        "alias": "ingredientNumberDel",
        "userDefined": false
      },
      {
        "text": " ingredients",
        "userDefined": false
      }
    ],
    "isTemplate": false,
    "count": 0,
    "lang": "en-gb",
    "updated": 0
  },
  {
    "data": [
      {
        "text": "remove more than ",
        "userDefined": false
      },
      {
        "text": "5",
        "meta": "@sys.number",
        "alias": "moreIngredientNumberDel",
        "userDefined": false
      },
      {
        "text": " ingredients",
        "userDefined": false
      }
    ],
    "isTemplate": false,
    "count": 0,
    "lang": "en-gb",
    "updated": 0
  },
  {
    "data": [
      {
        "text": "remove less than ",
        "userDefined": false
      },
      {
        "text": "20",
        "meta": "@sys.number",
        "alias": "ingredientNumberDel",
        "userDefined": false
      },
      {
        "text": " ingredients",
        "userDefined": false
      }
    ],
    "isTemplate": false,
    "count": 1,
    "lang": "en-gb",
    "updated": 0
  },
  {
    "data": [
      {
        "text": "remove less than ",
        "userDefined": false
      },
      {
        "text": "20",
        "meta": "@sys.number",
        "alias": "stepsDel",
        "userDefined": false
      },
      {
        "text": " steps",
        "userDefined": false
      }
    ],
    "isTemplate": false,
    "count": 1,
    "lang": "en-gb",
    "updated": 0
  },
  {
    "data": [
      {
        "text": "remove more than ",
        "userDefined": false
      },
      {
        "text": "120 Minutes",
        "meta": "@sys.duration",
        "alias": "durationlongerDel",
        "userDefined": false
      }
    ],
    "isTemplate": false,
    "count": 1,
    "lang": "en-gb",
    "updated": 0
  },
  {
    "data": [
      {
        "text": "remove more than ",
        "userDefined": false
      },
      {
        "text": "10",
        "meta": "@sys.number",
        "alias": "moreIngredientNumberDel",
        "userDefined": false
      },
      {
        "text": " ingredients",
        "userDefined": false
      }
    ],
    "isTemplate": false,
    "count": 0,
    "lang": "en-gb",
    "updated": 0
  },
  {
    "data": [
      {
        "text": "the ",
        "userDefined": false
      },
      {
        "text": "milk",
        "meta": "@ingredient",
        "alias": "ingredientdel",
        "userDefined": false
      },
      {
        "text": " filter",
        "userDefined": false
      }
    ],
    "isTemplate": false,
    "count": 0,
    "lang": "en-gb",
    "updated": 0
  },
  {
    "data": [
      {
        "text": "without ",
        "userDefined": false
      },
      {
        "text": "toast",
        "meta": "@ingredient",
        "alias": "ingredientdel",
        "userDefined": false
      }
    ],
    "isTemplate": false,
    "count": 0,
    "lang": "en-gb",
    "updated": 0
  },
  {
    "data": [
      {
        "text": "take out ",
        "userDefined": false
      },
      {
        "text": "chickpeas",
        "meta": "@ingredient",
        "alias": "ingredientdel",
        "userDefined": false
      }
    ],
    "isTemplate": false,
    "count": 3,
    "lang": "en-gb",
    "updated": 0
  },
  {
    "data": [
      {
        "text": "remove less than ",
        "userDefined": false
      },
      {
        "text": "60 minutes",
        "meta": "@sys.duration",
        "alias": "durationDel",
        "userDefined": false
      }
    ],
    "isTemplate": false,
    "count": 1,
    "lang": "en-gb",
    "updated": 0
  },
  {
    "data": [
      {
        "text": "no I don\u0027t want to ",
        "userDefined": false
      },
      {
        "text": "breakfast",
        "meta": "@mealType",
        "alias": "mealtypedel",
        "userDefined": false
      },
      {
        "text": " I want to putting",
        "userDefined": false
      }
    ],
    "isTemplate": false,
    "count": 2,
    "lang": "en-gb",
    "updated": 0
  },
  {
    "data": [
      {
        "text": "I do not want to ",
        "userDefined": false
      },
      {
        "text": "breakfast",
        "meta": "@mealType",
        "alias": "mealtypedel",
        "userDefined": false
      },
      {
        "text": " recipe",
        "userDefined": false
      }
    ],
    "isTemplate": false,
    "count": 2,
    "lang": "en-gb",
    "updated": 0
  },
  {
    "data": [
      {
        "text": "remove ",
        "userDefined": false
      },
      {
        "text": "eggs",
        "meta": "@ingredient",
        "alias": "ingredientDel",
        "userDefined": false
      }
    ],
    "isTemplate": false,
    "count": 0,
    "lang": "en-gb",
    "updated": 0
  },
  {
    "data": [
      {
        "text": "a step you remove with ",
        "userDefined": false
      },
      {
        "text": "salad",
        "meta": "@ingredient",
        "alias": "ingredientdel",
        "userDefined": false
      }
    ],
    "isTemplate": false,
    "count": 0,
    "lang": "en-gb",
    "updated": 0
  },
  {
    "data": [
      {
        "text": "remove ",
        "userDefined": false
      },
      {
        "text": "vodka",
        "meta": "@ingredient",
        "alias": "ingredientdel",
        "userDefined": false
      }
    ],
    "isTemplate": false,
    "count": 0,
    "lang": "en-gb",
    "updated": 0
  },
  {
    "data": [
      {
        "text": "remove ",
        "userDefined": false
      },
      {
        "text": "Ramen",
        "meta": "@tag",
        "alias": "tagDel",
        "userDefined": false
      }
    ],
    "isTemplate": false,
    "count": 0,
    "lang": "en-gb",
    "updated": 0
  },
  {
    "data": [
      {
        "text": "remove",
        "userDefined": false
      }
    ],
    "isTemplate": false,
    "count": 0,
    "lang": "en-gb",
    "updated": 0
  },
  {
    "data": [
      {
        "text": "delete without ",
        "userDefined": false
      },
      {
        "text": "sugar",
        "meta": "@ingredient",
        "alias": "excludeIngredientDel",
        "userDefined": false
      },
      {
        "text": " filter",
        "userDefined": false
      }
    ],
    "isTemplate": false,
    "count": 0,
    "lang": "en-gb",
    "updated": 0
  },
  {
    "data": [
      {
        "text": "remove without ",
        "userDefined": false
      },
      {
        "text": "sugar",
        "meta": "@ingredient",
        "alias": "excludeIngredientDel",
        "userDefined": false
      },
      {
        "text": " filter",
        "userDefined": false
      }
    ],
    "isTemplate": false,
    "count": 0,
    "lang": "en-gb",
    "updated": 0
  },
  {
    "data": [
      {
        "text": "remove size ",
        "userDefined": false
      },
      {
        "text": "5",
        "meta": "@sys.number",
        "alias": "servingsDel",
        "userDefined": false
      },
      {
        "text": " person",
        "userDefined": false
      }
    ],
    "isTemplate": false,
    "count": 0,
    "lang": "en-gb",
    "updated": 0
  },
  {
    "data": [
      {
        "text": "don\u0027t add by ",
        "userDefined": false
      },
      {
        "text": "Asian",
        "meta": "@cuisine",
        "alias": "cuisinedel",
        "userDefined": false
      },
      {
        "text": " food",
        "userDefined": false
      }
    ],
    "isTemplate": false,
    "count": 0,
    "lang": "en-gb",
    "updated": 0
  },
  {
    "data": [
      {
        "text": "please remove with ",
        "userDefined": false
      },
      {
        "text": "fish",
        "meta": "@ingredient",
        "alias": "ingredientDel",
        "userDefined": false
      }
    ],
    "isTemplate": false,
    "count": 0,
    "lang": "en-gb",
    "updated": 0
  },
  {
    "data": [
      {
        "text": "remove ",
        "userDefined": false
      },
      {
        "text": "1",
        "meta": "@sys.number",
        "alias": "servingsDel",
        "userDefined": false
      },
      {
        "text": " person",
        "userDefined": false
      }
    ],
    "isTemplate": false,
    "count": 0,
    "lang": "en-gb",
    "updated": 0
  }
]