[
  {
    "id": "c4e3d1af-f407-4255-afa1-ce5444145065",
    "data": [
      {
        "text": "Can you change the ingredients quantity?",
        "userDefined": false
      }
    ],
    "isTemplate": false,
    "count": 0,
    "lang": "en",
    "updated": 0
  },
  {
    "id": "ac025376-2ec6-4bcd-801b-09739c31978c",
    "data": [
      {
        "text": "Can I click on the recipes",
        "userDefined": false
      }
    ],
    "isTemplate": false,
    "count": 0,
    "lang": "en",
    "updated": 0
  },
  {
    "id": "12dc70e0-b728-429c-8b0f-cf59b396fc53",
    "data": [
      {
        "text": "I\u0027m not sure about the recipes that are left",
        "userDefined": false
      }
    ],
    "isTemplate": false,
    "count": 0,
    "lang": "en",
    "updated": 0
  },
  {
    "id": "7ae4d9df-cbc3-4cd1-9ea9-2c5d4c4cc9ac",
    "data": [
      {
        "text": "How many grams of vegetables is in there?",
        "userDefined": false
      }
    ],
    "isTemplate": false,
    "count": 0,
    "lang": "en",
    "updated": 0
  },
  {
    "id": "64da8671-f9d2-4255-ad3a-6da9eecb848e",
    "data": [
      {
        "text": "Is this recipe kid friendly?",
        "userDefined": false
      }
    ],
    "isTemplate": false,
    "count": 0,
    "lang": "en",
    "updated": 0
  },
  {
    "id": "c19f84ee-175f-400f-a067-293575f3f57b",
    "data": [
      {
        "text": "I don\u0027t want anything that has a lot of calories",
        "userDefined": false
      }
    ],
    "isTemplate": false,
    "count": 0,
    "lang": "en",
    "updated": 0
  },
  {
    "id": "71ad89d8-6a85-46be-aec5-f7243e3fd627",
    "data": [
      {
        "text": "Do you have any recipes that I can serve for Christmas?",
        "userDefined": false
      }
    ],
    "isTemplate": false,
    "count": 0,
    "lang": "en",
    "updated": 0
  },
  {
    "id": "ec946cbf-2a25-4ac2-bf52-c1bbd1639e46",
    "data": [
      {
        "text": "Which wine can I serve with that?",
        "userDefined": false
      }
    ],
    "isTemplate": false,
    "count": 0,
    "lang": "en",
    "updated": 0
  },
  {
    "id": "a8c4cf5d-112b-4eaa-9889-70d6bc797466",
    "data": [
      {
        "text": "I\u0027d like to include multiple types of cuisines",
        "userDefined": false
      }
    ],
    "isTemplate": false,
    "count": 0,
    "lang": "en",
    "updated": 0
  },
  {
    "id": "eab735b3-87e9-4871-9e4b-3cd5dbe2a985",
    "data": [
      {
        "text": "What kind of kitchen appliances are needed for this?",
        "userDefined": false
      }
    ],
    "isTemplate": false,
    "count": 0,
    "lang": "en",
    "updated": 0
  },
  {
    "id": "a93ea03c-bb0f-44d1-ba5b-415c538e7965",
    "data": [
      {
        "text": "What utensils do I need for that?",
        "userDefined": false
      }
    ],
    "isTemplate": false,
    "count": 0,
    "lang": "en",
    "updated": 0
  },
  {
    "id": "7d1a5362-96a6-4adc-ae2b-10e56a72e14f",
    "data": [
      {
        "text": "Can you make me something?",
        "userDefined": false
      }
    ],
    "isTemplate": false,
    "count": 0,
    "lang": "en",
    "updated": 0
  },
  {
    "id": "a79d8692-1359-40b5-9f7f-672680518aca",
    "data": [
      {
        "text": "please also at bazo",
        "userDefined": false
      }
    ],
    "isTemplate": false,
    "count": 1,
    "lang": "en",
    "updated": 0
  },
  {
    "id": "3b7a8844-563a-472f-b7ad-22796c8468a2",
    "data": [
      {
        "text": "kinda",
        "userDefined": false
      }
    ],
    "isTemplate": false,
    "count": 0,
    "lang": "en",
    "updated": 0
  },
  {
    "id": "d7f62c19-6b86-4297-8320-5394b355e213",
    "data": [
      {
        "text": "hi recipe",
        "userDefined": false
      }
    ],
    "isTemplate": false,
    "count": 0,
    "lang": "en",
    "updated": 0
  },
  {
    "id": "812c12da-9abb-49b0-9a54-c5d0de60de44",
    "data": [
      {
        "text": "I recipe",
        "userDefined": false
      }
    ],
    "isTemplate": false,
    "count": 3,
    "lang": "en",
    "updated": 0
  },
  {
    "id": "2e7702d7-18fe-4c61-9eab-02a8cd1083a2",
    "data": [
      {
        "text": "7 swan",
        "userDefined": false
      }
    ],
    "isTemplate": false,
    "count": 0,
    "lang": "en",
    "updated": 0
  },
  {
    "id": "01d81454-8435-48e6-91e1-afd7d5cff65e",
    "data": [
      {
        "text": "I want another quantity of each ingredients I want to no I will need I want to know the different steps",
        "userDefined": false
      }
    ],
    "isTemplate": false,
    "count": 0,
    "lang": "en",
    "updated": 0
  },
  {
    "id": "e7e824ab-e8e8-4432-839c-12957cb666f3",
    "data": [
      {
        "text": "I want the rest",
        "userDefined": false
      }
    ],
    "isTemplate": false,
    "count": 0,
    "lang": "en",
    "updated": 0
  },
  {
    "id": "f945c1e2-f7a6-493c-8493-5160a4a872eb",
    "data": [
      {
        "text": "I was like a beacon",
        "userDefined": false
      }
    ],
    "isTemplate": false,
    "count": 0,
    "lang": "en",
    "updated": 0
  },
  {
    "id": "4704f639-1ab5-43b8-a353-9862633b717e",
    "data": [
      {
        "text": "Venus with 18",
        "userDefined": false
      }
    ],
    "isTemplate": false,
    "count": 0,
    "lang": "en",
    "updated": 0
  },
  {
    "id": "358334a9-ed47-421f-9468-64c8a8209810",
    "data": [
      {
        "text": "what cook",
        "userDefined": false
      }
    ],
    "isTemplate": false,
    "count": 0,
    "lang": "en",
    "updated": 0
  },
  {
    "id": "27569264-56bb-4f03-a83e-ccd68da7a3f5",
    "data": [
      {
        "text": "2 seed fall",
        "userDefined": false
      }
    ],
    "isTemplate": false,
    "count": 1,
    "lang": "en",
    "updated": 0
  }
]