[
  {
    "id": "cb100df5-f436-430a-8234-25b7b7efcb9e",
    "data": [
      {
        "text": "Enjoy your day",
        "userDefined": false
      }
    ],
    "isTemplate": false,
    "count": 0,
    "lang": "en",
    "updated": 0
  },
  {
    "id": "6df659cb-039d-418e-bc0d-50e317898528",
    "data": [
      {
        "text": "Enjoy the rest of your evening",
        "userDefined": false
      }
    ],
    "isTemplate": false,
    "count": 0,
    "lang": "en",
    "updated": 0
  },
  {
    "id": "6601e7d4-9c7a-411e-893f-1d7b5ecb8203",
    "data": [
      {
        "text": "Have a nice evening",
        "userDefined": false
      }
    ],
    "isTemplate": false,
    "count": 0,
    "lang": "en",
    "updated": 0
  },
  {
    "id": "5cea3cb8-bd88-4b51-a1f0-c4c94fbf8d27",
    "data": [
      {
        "text": "enjoy the rest of your day",
        "userDefined": false
      }
    ],
    "isTemplate": false,
    "count": 0,
    "lang": "en",
    "updated": 0
  },
  {
    "id": "5f8495ba-d054-44ba-b4a8-ec5cb9f7ca5a",
    "data": [
      {
        "text": "good night",
        "userDefined": false
      }
    ],
    "isTemplate": false,
    "count": 0,
    "lang": "en",
    "updated": 0
  },
  {
    "id": "f01bc700-8746-4621-9d16-e8683851447c",
    "data": [
      {
        "text": "au revoir",
        "userDefined": false
      }
    ],
    "isTemplate": false,
    "count": 0,
    "lang": "en",
    "updated": 0
  },
  {
    "id": "789a07db-582c-4e3d-908f-9e9a90481779",
    "data": [
      {
        "text": "adios",
        "userDefined": false
      }
    ],
    "isTemplate": false,
    "count": 0,
    "lang": "en",
    "updated": 0
  },
  {
    "id": "58957af5-8fc0-477a-8343-d638a01703ac",
    "data": [
      {
        "text": "I must be going",
        "userDefined": false
      }
    ],
    "isTemplate": false,
    "count": 0,
    "lang": "en",
    "updated": 0
  },
  {
    "id": "cda39b68-a388-414b-9632-9d4ad85f9d2e",
    "data": [
      {
        "text": "I\u0027ve got to go",
        "userDefined": false
      }
    ],
    "isTemplate": false,
    "count": 0,
    "lang": "en",
    "updated": 0
  },
  {
    "id": "5164c134-272b-4a30-9a31-8e0a21f806fa",
    "data": [
      {
        "text": "have a good day",
        "userDefined": false
      }
    ],
    "isTemplate": false,
    "count": 0,
    "lang": "en",
    "updated": 0
  },
  {
    "id": "f1b917b3-30e3-4555-9856-f95ad6528950",
    "data": [
      {
        "text": "Bye bye",
        "userDefined": false
      }
    ],
    "isTemplate": false,
    "count": 0,
    "lang": "en",
    "updated": 0
  },
  {
    "id": "ca2e811f-a407-4931-a3de-a4bc81923883",
    "data": [
      {
        "text": "See you soon",
        "userDefined": false
      }
    ],
    "isTemplate": false,
    "count": 0,
    "lang": "en",
    "updated": 0
  },
  {
    "id": "e13768a9-1f4d-4914-a67f-d3094f622324",
    "data": [
      {
        "text": "See you later",
        "userDefined": false
      }
    ],
    "isTemplate": false,
    "count": 0,
    "lang": "en",
    "updated": 0
  },
  {
    "id": "44b3cbdb-a343-4235-ae4c-7f02c7ecbaa3",
    "data": [
      {
        "text": "Until the next one",
        "userDefined": false
      }
    ],
    "isTemplate": false,
    "count": 0,
    "lang": "en",
    "updated": 0
  },
  {
    "id": "13c8576c-6b3c-46c5-9675-897f57ba90c4",
    "data": [
      {
        "text": "Until next time",
        "userDefined": false
      }
    ],
    "isTemplate": false,
    "count": 0,
    "lang": "en",
    "updated": 0
  },
  {
    "id": "e809e938-60f6-4477-8084-b3fb2f76e298",
    "data": [
      {
        "text": "Goodbye",
        "userDefined": false
      }
    ],
    "isTemplate": false,
    "count": 0,
    "lang": "en",
    "updated": 0
  },
  {
    "id": "ed01ec62-bbd5-4cb9-98c9-3050590f258a",
    "data": [
      {
        "text": "Have a nice ",
        "userDefined": false
      },
      {
        "text": "weekend",
        "userDefined": false
      }
    ],
    "isTemplate": false,
    "count": 0,
    "lang": "en",
    "updated": 0
  },
  {
    "id": "ef68a5e0-6248-4911-9fa1-4c9b65c165a4",
    "data": [
      {
        "text": "See you next time",
        "userDefined": false
      }
    ],
    "isTemplate": false,
    "count": 0,
    "lang": "en",
    "updated": 0
  },
  {
    "id": "e4f130fe-fb23-45af-aadc-255fa773abcd",
    "data": [
      {
        "text": "Have a nice day",
        "userDefined": false
      }
    ],
    "isTemplate": false,
    "count": 0,
    "lang": "en",
    "updated": 0
  },
  {
    "id": "f1520351-33e6-4666-9998-1635c69adb92",
    "data": [
      {
        "text": "bye",
        "userDefined": false
      }
    ],
    "isTemplate": false,
    "count": 0,
    "lang": "en",
    "updated": 0
  },
  {
    "id": "c5491b89-da39-4ccf-83e2-1c06febf04be",
    "data": [
      {
        "text": "See you!",
        "userDefined": false
      }
    ],
    "isTemplate": false,
    "count": 0,
    "lang": "en",
    "updated": 0
  }
]