[
  {
    "id": "62f50bc2-8871-42d0-bccc-567b5d826915",
    "data": [
      {
        "text": "Good to see you",
        "userDefined": false
      }
    ],
    "isTemplate": false,
    "count": 0,
    "lang": "en",
    "updated": 0
  },
  {
    "id": "aa3cedc0-78f6-455d-8671-c2614c5a6ec3",
    "data": [
      {
        "text": "How are you doing?",
        "userDefined": false
      }
    ],
    "isTemplate": false,
    "count": 0,
    "lang": "en",
    "updated": 0
  },
  {
    "id": "c2c1ed80-63f6-4575-a585-c6a58103e335",
    "data": [
      {
        "text": "How\u0027s it going?",
        "userDefined": false
      }
    ],
    "isTemplate": false,
    "count": 0,
    "lang": "en",
    "updated": 0
  },
  {
    "id": "4a585a6e-3eb4-45e2-93b1-75bf7798fda4",
    "data": [
      {
        "text": "Nice to see you",
        "userDefined": false
      }
    ],
    "isTemplate": false,
    "count": 0,
    "lang": "en",
    "updated": 0
  },
  {
    "id": "287f22fa-c8dd-4ae4-a85e-3fa90f932254",
    "data": [
      {
        "text": "Nice to meet you",
        "userDefined": false
      }
    ],
    "isTemplate": false,
    "count": 0,
    "lang": "en",
    "updated": 0
  },
  {
    "id": "cdab9cc0-f30d-460c-96f4-f550d8a5310b",
    "data": [
      {
        "text": "evening",
        "userDefined": false
      }
    ],
    "isTemplate": false,
    "count": 0,
    "lang": "en",
    "updated": 0
  },
  {
    "id": "c2a36cf4-708b-4b29-ac73-2ce137961a7b",
    "data": [
      {
        "text": "afternoon",
        "userDefined": false
      }
    ],
    "isTemplate": false,
    "count": 0,
    "lang": "en",
    "updated": 0
  },
  {
    "id": "9416efcc-236e-404a-8e7a-f87b9bae08e6",
    "data": [
      {
        "text": "How are you?",
        "userDefined": false
      }
    ],
    "isTemplate": false,
    "count": 0,
    "lang": "en",
    "updated": 0
  },
  {
    "id": "88314ce8-ac24-47c6-9c90-35abe2ad9638",
    "data": [
      {
        "text": "How do you do?",
        "userDefined": false
      }
    ],
    "isTemplate": false,
    "count": 0,
    "lang": "en",
    "updated": 0
  },
  {
    "id": "f1ab1391-1947-48ed-a068-500b95231cfb",
    "data": [
      {
        "text": "Good afternoon",
        "userDefined": false
      }
    ],
    "isTemplate": false,
    "count": 0,
    "lang": "en",
    "updated": 0
  },
  {
    "id": "d64d7fa7-77b4-46d7-8daf-108ed9420f04",
    "data": [
      {
        "text": "Good evening",
        "userDefined": false
      }
    ],
    "isTemplate": false,
    "count": 0,
    "lang": "en",
    "updated": 0
  },
  {
    "id": "528ca0ec-c2ca-431f-8c14-d84fc6f362d8",
    "data": [
      {
        "text": "Yo",
        "userDefined": false
      }
    ],
    "isTemplate": false,
    "count": 0,
    "lang": "en",
    "updated": 0
  },
  {
    "id": "85cb5add-d9ac-4eae-bd4b-4fa77da18f01",
    "data": [
      {
        "text": "Sup",
        "userDefined": false
      }
    ],
    "isTemplate": false,
    "count": 1,
    "lang": "en",
    "updated": 0
  },
  {
    "id": "8bb2243f-8174-44db-a49b-300264ccf212",
    "data": [
      {
        "text": "Hey",
        "userDefined": false
      }
    ],
    "isTemplate": false,
    "count": 0,
    "lang": "en",
    "updated": 0
  },
  {
    "id": "7f19f0ca-e2da-4679-b9a2-1407583fca67",
    "data": [
      {
        "text": "Good morning",
        "userDefined": false
      }
    ],
    "isTemplate": false,
    "count": 0,
    "lang": "en",
    "updated": 0
  },
  {
    "id": "afe0cd0e-c467-4453-bc9c-6fcd7cbe3a31",
    "data": [
      {
        "text": "morning",
        "userDefined": false
      }
    ],
    "isTemplate": false,
    "count": 0,
    "lang": "en",
    "updated": 0
  },
  {
    "id": "1eb1220a-d8e7-48b9-aecb-3b6700b27b16",
    "data": [
      {
        "text": "Hello",
        "userDefined": false
      }
    ],
    "isTemplate": false,
    "count": 0,
    "lang": "en",
    "updated": 0
  },
  {
    "id": "e4c403da-9c4f-4c73-aedb-67c04713db71",
    "data": [
      {
        "text": "Hi",
        "userDefined": false
      }
    ],
    "isTemplate": false,
    "count": 0,
    "lang": "en",
    "updated": 0
  }
]