[
  {
    "id": "26c2eaf2-aba7-4857-9f52-3994fe1e5991",
    "data": [
      {
        "text": "I would like to restart please.",
        "userDefined": false
      }
    ],
    "isTemplate": false,
    "count": 0,
    "lang": "en",
    "updated": 0
  },
  {
    "id": "a6d5a790-314c-4d36-bc94-a0ee2f334e23",
    "data": [
      {
        "text": "I want to restart",
        "userDefined": false
      }
    ],
    "isTemplate": false,
    "count": 0,
    "lang": "en",
    "updated": 0
  },
  {
    "id": "14b3d300-b4e2-4de4-a465-b993fbad3af7",
    "data": [
      {
        "text": "I want to ",
        "userDefined": false
      },
      {
        "text": "delete",
        "userDefined": false
      },
      {
        "text": " ",
        "userDefined": false
      },
      {
        "text": "all",
        "userDefined": false
      },
      {
        "text": " of the filters",
        "userDefined": false
      }
    ],
    "isTemplate": false,
    "count": 0,
    "lang": "en",
    "updated": 0
  },
  {
    "id": "bdfc98f0-c916-4886-aa5a-4138c706e9a5",
    "data": [
      {
        "text": "Start over",
        "userDefined": false
      }
    ],
    "isTemplate": false,
    "count": 0,
    "lang": "en",
    "updated": 0
  },
  {
    "id": "2822a926-3783-488f-8b14-0faccf915420",
    "data": [
      {
        "text": "Get rid of ",
        "userDefined": false
      },
      {
        "text": "all",
        "userDefined": false
      },
      {
        "text": " the filters",
        "userDefined": false
      }
    ],
    "isTemplate": false,
    "count": 0,
    "lang": "en",
    "updated": 0
  },
  {
    "id": "55b724a4-8c25-4e14-807c-1c4f2562617c",
    "data": [
      {
        "text": "Can you ",
        "userDefined": false
      },
      {
        "text": "remove",
        "userDefined": false
      },
      {
        "text": " ",
        "userDefined": false
      },
      {
        "text": "all",
        "userDefined": false
      },
      {
        "text": " of the requirements",
        "userDefined": false
      }
    ],
    "isTemplate": false,
    "count": 0,
    "lang": "en",
    "updated": 0
  },
  {
    "id": "4e0cac6b-08e1-4c51-9c70-9a2969f8964f",
    "data": [
      {
        "text": "From the beginning",
        "userDefined": false
      }
    ],
    "isTemplate": false,
    "count": 0,
    "lang": "en",
    "updated": 0
  },
  {
    "id": "c55f7cbf-cec2-4928-bea4-97e9f0807cc3",
    "data": [
      {
        "text": "Restart",
        "userDefined": false
      }
    ],
    "isTemplate": false,
    "count": 0,
    "lang": "en",
    "updated": 0
  },
  {
    "id": "f78d320f-014d-4108-8fea-a113c72a1961",
    "data": [
      {
        "text": "I want to start over.",
        "userDefined": false
      }
    ],
    "isTemplate": false,
    "count": 0,
    "lang": "en",
    "updated": 0
  },
  {
    "id": "848ad53d-891a-4d71-902b-6f141b4fcf43",
    "data": [
      {
        "text": "Delete",
        "userDefined": false
      },
      {
        "text": " ",
        "userDefined": false
      },
      {
        "text": "everything",
        "userDefined": false
      }
    ],
    "isTemplate": false,
    "count": 0,
    "lang": "en",
    "updated": 0
  },
  {
    "id": "3f79b5cf-3e78-4b90-bac0-efcc7d88eb61",
    "data": [
      {
        "text": "Let\u0027s restart.",
        "userDefined": false
      }
    ],
    "isTemplate": false,
    "count": 0,
    "lang": "en",
    "updated": 0
  },
  {
    "id": "7a675522-2aa4-4d81-8f57-ecf6a5c1b5e8",
    "data": [
      {
        "text": "Remove",
        "userDefined": true
      },
      {
        "text": " ",
        "userDefined": false
      },
      {
        "text": "all",
        "userDefined": false
      },
      {
        "text": " the filters",
        "userDefined": false
      }
    ],
    "isTemplate": false,
    "count": 0,
    "lang": "en",
    "updated": 0
  },
  {
    "id": "d0b8244c-c830-476c-922a-b9753427bfcf",
    "data": [
      {
        "text": "let\u0027s don\u0027t again",
        "userDefined": false
      }
    ],
    "isTemplate": false,
    "count": 2,
    "lang": "en",
    "updated": 0
  },
  {
    "id": "c554b1d2-5de5-40f7-bdad-0583129f9cfd",
    "data": [
      {
        "text": "remove filters",
        "userDefined": false
      }
    ],
    "isTemplate": false,
    "count": 0,
    "lang": "en",
    "updated": 0
  },
  {
    "id": "6597b307-add0-4bff-86e3-29a384383615",
    "data": [
      {
        "text": "remove old filters",
        "userDefined": false
      }
    ],
    "isTemplate": false,
    "count": 0,
    "lang": "en",
    "updated": 0
  },
  {
    "id": "27a0d257-b07e-4d01-b86f-e62289acaa4f",
    "data": [
      {
        "text": "old filters",
        "userDefined": false
      }
    ],
    "isTemplate": false,
    "count": 0,
    "lang": "en",
    "updated": 0
  },
  {
    "id": "64a7be45-23ca-4a77-bf9e-cb1da0e5bf7c",
    "data": [
      {
        "text": "delete filter please",
        "userDefined": false
      }
    ],
    "isTemplate": false,
    "count": 0,
    "lang": "en",
    "updated": 0
  }
]